Statistik_Code,Statistik_Label,Zeit_Code,Zeit_Label,Zeit,1_Merkmal_Code,1_Merkmal_Label,Code,Label,2_Merkmal_Code,2_Merkmal_Label,2_Auspraegung_Code,Monat,Ankuenfte,Uebernachtungen
45412,Monatserhebung im Tourismus,JAHR,Jahr,2019,DLAND,Bundesländer,08,Baden-Württemberg,MONAT,Monate,MONAT01,Januar,1229578,3140980
45412,Monatserhebung im Tourismus,JAHR,Jahr,2019,DLAND,Bundesländer,08,Baden-Württemberg,MONAT,Monate,MONAT02,Februar,1345329,3281656
45412,Monatserhebung im Tourismus,JAHR,Jahr,2019,DLAND,Bundesländer,08,Baden-Württemberg,MONAT,Monate,MONAT03,März,1587411,3878204
45412,Monatserhebung im Tourismus,JAHR,Jahr,2019,DLAND,Bundesländer,08,Baden-Württemberg,MONAT,Monate,MONAT04,April,1930695,4708296
45412,Monatserhebung im Tourismus,JAHR,Jahr,2019,DLAND,Bundesländer,08,Baden-Württemberg,MONAT,Monate,MONAT05,Mai,2224192,5167665
45412,Monatserhebung im Tourismus,JAHR,Jahr,2019,DLAND,Bundesländer,08,Baden-Württemberg,MONAT,Monate,MONAT06,Juni,2251412,5598173
45412,Monatserhebung im Tourismus,JAHR,Jahr,2019,DLAND,Bundesländer,08,Baden-Württemberg,MONAT,Monate,MONAT07,Juli,2603409,6495752
45412,Monatserhebung im Tourismus,JAHR,Jahr,2019,DLAND,Bundesländer,08,Baden-Württemberg,MONAT,Monate,MONAT08,August,2367339,6424140
45412,Monatserhebung im Tourismus,JAHR,Jahr,2019,DLAND,Bundesländer,08,Baden-Württemberg,MONAT,Monate,MONAT09,September,2285982,5535787
45412,Monatserhebung im Tourismus,JAHR,Jahr,2019,DLAND,Bundesländer,08,Baden-Württemberg,MONAT,Monate,MONAT10,Oktober,2202838,5337272
45412,Monatserhebung im Tourismus,JAHR,Jahr,2019,DLAND,Bundesländer,08,Baden-Württemberg,MONAT,Monate,MONAT11,November,1686726,3929655
45412,Monatserhebung im Tourismus,JAHR,Jahr,2019,DLAND,Bundesländer,08,Baden-Württemberg,MONAT,Monate,MONAT12,Dezember,1559248,3689691
45412,Monatserhebung im Tourismus,JAHR,Jahr,2019,DLAND,Bundesländer,09,Bayern,MONAT,Monate,MONAT01,Januar,2272406,5922131
45412,Monatserhebung im Tourismus,JAHR,Jahr,2019,DLAND,Bundesländer,09,Bayern,MONAT,Monate,MONAT02,Februar,2537158,6354190
45412,Monatserhebung im Tourismus,JAHR,Jahr,2019,DLAND,Bundesländer,09,Bayern,MONAT,Monate,MONAT03,März,2724727,6789154
45412,Monatserhebung im Tourismus,JAHR,Jahr,2019,DLAND,Bundesländer,09,Bayern,MONAT,Monate,MONAT04,April,3120113,7845972
45412,Monatserhebung im Tourismus,JAHR,Jahr,2019,DLAND,Bundesländer,09,Bayern,MONAT,Monate,MONAT05,Mai,3536547,8490645
45412,Monatserhebung im Tourismus,JAHR,Jahr,2019,DLAND,Bundesländer,09,Bayern,MONAT,Monate,MONAT06,Juni,3922247,10011754
45412,Monatserhebung im Tourismus,JAHR,Jahr,2019,DLAND,Bundesländer,09,Bayern,MONAT,Monate,MONAT07,Juli,4687092,11839494
45412,Monatserhebung im Tourismus,JAHR,Jahr,2019,DLAND,Bundesländer,09,Bayern,MONAT,Monate,MONAT08,August,4279402,11626684
45412,Monatserhebung im Tourismus,JAHR,Jahr,2019,DLAND,Bundesländer,09,Bayern,MONAT,Monate,MONAT09,September,3907709,9867486
45412,Monatserhebung im Tourismus,JAHR,Jahr,2019,DLAND,Bundesländer,09,Bayern,MONAT,Monate,MONAT10,Oktober,3695039,9329976
45412,Monatserhebung im Tourismus,JAHR,Jahr,2019,DLAND,Bundesländer,09,Bayern,MONAT,Monate,MONAT11,November,2654538,6250561
45412,Monatserhebung im Tourismus,JAHR,Jahr,2019,DLAND,Bundesländer,09,Bayern,MONAT,Monate,MONAT12,Dezember,2673941,6583433
45412,Monatserhebung im Tourismus,JAHR,Jahr,2019,DLAND,Bundesländer,11,Berlin,MONAT,Monate,MONAT01,Januar,914931,2159841
45412,Monatserhebung im Tourismus,JAHR,Jahr,2019,DLAND,Bundesländer,11,Berlin,MONAT,Monate,MONAT02,Februar,949002,2235628
45412,Monatserhebung im Tourismus,JAHR,Jahr,2019,DLAND,Bundesländer,11,Berlin,MONAT,Monate,MONAT03,März,1110954,2642288
45412,Monatserhebung im Tourismus,JAHR,Jahr,2019,DLAND,Bundesländer,11,Berlin,MONAT,Monate,MONAT04,April,1184986,3009169
45412,Monatserhebung im Tourismus,JAHR,Jahr,2019,DLAND,Bundesländer,11,Berlin,MONAT,Monate,MONAT05,Mai,1277674,3010462
45412,Monatserhebung im Tourismus,JAHR,Jahr,2019,DLAND,Bundesländer,11,Berlin,MONAT,Monate,MONAT06,Juni,1244717,3047930
45412,Monatserhebung im Tourismus,JAHR,Jahr,2019,DLAND,Bundesländer,11,Berlin,MONAT,Monate,MONAT07,Juli,1225219,3216242
45412,Monatserhebung im Tourismus,JAHR,Jahr,2019,DLAND,Bundesländer,11,Berlin,MONAT,Monate,MONAT08,August,1274832,3399163
45412,Monatserhebung im Tourismus,JAHR,Jahr,2019,DLAND,Bundesländer,11,Berlin,MONAT,Monate,MONAT09,September,1255860,3035799
45412,Monatserhebung im Tourismus,JAHR,Jahr,2019,DLAND,Bundesländer,11,Berlin,MONAT,Monate,MONAT10,Oktober,1273608,3120607
45412,Monatserhebung im Tourismus,JAHR,Jahr,2019,DLAND,Bundesländer,11,Berlin,MONAT,Monate,MONAT11,November,1178897,2646847
45412,Monatserhebung im Tourismus,JAHR,Jahr,2019,DLAND,Bundesländer,11,Berlin,MONAT,Monate,MONAT12,Dezember,1072665,2600388
45412,Monatserhebung im Tourismus,JAHR,Jahr,2019,DLAND,Bundesländer,12,Brandenburg,MONAT,Monate,MONAT01,Januar,234796,617484
45412,Monatserhebung im Tourismus,JAHR,Jahr,2019,DLAND,Bundesländer,12,Brandenburg,MONAT,Monate,MONAT02,Februar,265709,673420
45412,Monatserhebung im Tourismus,JAHR,Jahr,2019,DLAND,Bundesländer,12,Brandenburg,MONAT,Monate,MONAT03,März,337031,845981
45412,Monatserhebung im Tourismus,JAHR,Jahr,2019,DLAND,Bundesländer,12,Brandenburg,MONAT,Monate,MONAT04,April,422280,1136325
45412,Monatserhebung im Tourismus,JAHR,Jahr,2019,DLAND,Bundesländer,12,Brandenburg,MONAT,Monate,MONAT05,Mai,564534,1390943
45412,Monatserhebung im Tourismus,JAHR,Jahr,2019,DLAND,Bundesländer,12,Brandenburg,MONAT,Monate,MONAT06,Juni,606328,1613049
45412,Monatserhebung im Tourismus,JAHR,Jahr,2019,DLAND,Bundesländer,12,Brandenburg,MONAT,Monate,MONAT07,Juli,596133,1875186
45412,Monatserhebung im Tourismus,JAHR,Jahr,2019,DLAND,Bundesländer,12,Brandenburg,MONAT,Monate,MONAT08,August,633390,1748848
45412,Monatserhebung im Tourismus,JAHR,Jahr,2019,DLAND,Bundesländer,12,Brandenburg,MONAT,Monate,MONAT09,September,520442,1316576
45412,Monatserhebung im Tourismus,JAHR,Jahr,2019,DLAND,Bundesländer,12,Brandenburg,MONAT,Monate,MONAT10,Oktober,446241,1218023
45412,Monatserhebung im Tourismus,JAHR,Jahr,2019,DLAND,Bundesländer,12,Brandenburg,MONAT,Monate,MONAT11,November,334402,827675
45412,Monatserhebung im Tourismus,JAHR,Jahr,2019,DLAND,Bundesländer,12,Brandenburg,MONAT,Monate,MONAT12,Dezember,268739,711376
45412,Monatserhebung im Tourismus,JAHR,Jahr,2019,DLAND,Bundesländer,04,Bremen,MONAT,Monate,MONAT01,Januar,88827,159917
45412,Monatserhebung im Tourismus,JAHR,Jahr,2019,DLAND,Bundesländer,04,Bremen,MONAT,Monate,MONAT02,Februar,93703,175926
45412,Monatserhebung im Tourismus,JAHR,Jahr,2019,DLAND,Bundesländer,04,Bremen,MONAT,Monate,MONAT03,März,115172,217693
45412,Monatserhebung im Tourismus,JAHR,Jahr,2019,DLAND,Bundesländer,04,Bremen,MONAT,Monate,MONAT04,April,118222,227445
45412,Monatserhebung im Tourismus,JAHR,Jahr,2019,DLAND,Bundesländer,04,Bremen,MONAT,Monate,MONAT05,Mai,138482,256203
45412,Monatserhebung im Tourismus,JAHR,Jahr,2019,DLAND,Bundesländer,04,Bremen,MONAT,Monate,MONAT06,Juni,134126,249266
45412,Monatserhebung im Tourismus,JAHR,Jahr,2019,DLAND,Bundesländer,04,Bremen,MONAT,Monate,MONAT07,Juli,140338,259987
45412,Monatserhebung im Tourismus,JAHR,Jahr,2019,DLAND,Bundesländer,04,Bremen,MONAT,Monate,MONAT08,August,150876,277891
45412,Monatserhebung im Tourismus,JAHR,Jahr,2019,DLAND,Bundesländer,04,Bremen,MONAT,Monate,MONAT09,September,138412,259375
45412,Monatserhebung im Tourismus,JAHR,Jahr,2019,DLAND,Bundesländer,04,Bremen,MONAT,Monate,MONAT10,Oktober,136397,260500
45412,Monatserhebung im Tourismus,JAHR,Jahr,2019,DLAND,Bundesländer,04,Bremen,MONAT,Monate,MONAT11,November,133041,242090
45412,Monatserhebung im Tourismus,JAHR,Jahr,2019,DLAND,Bundesländer,04,Bremen,MONAT,Monate,MONAT12,Dezember,123109,229338
45412,Monatserhebung im Tourismus,JAHR,Jahr,2019,DLAND,Bundesländer,02,Hamburg,MONAT,Monate,MONAT01,Januar,440899,845707
45412,Monatserhebung im Tourismus,JAHR,Jahr,2019,DLAND,Bundesländer,02,Hamburg,MONAT,Monate,MONAT02,Februar,489237,926907
45412,Monatserhebung im Tourismus,JAHR,Jahr,2019,DLAND,Bundesländer,02,Hamburg,MONAT,Monate,MONAT03,März,608832,1209249
45412,Monatserhebung im Tourismus,JAHR,Jahr,2019,DLAND,Bundesländer,02,Hamburg,MONAT,Monate,MONAT04,April,655723,1361223
45412,Monatserhebung im Tourismus,JAHR,Jahr,2019,DLAND,Bundesländer,02,Hamburg,MONAT,Monate,MONAT05,Mai,698660,1396422
45412,Monatserhebung im Tourismus,JAHR,Jahr,2019,DLAND,Bundesländer,02,Hamburg,MONAT,Monate,MONAT06,Juni,672693,1429918
45412,Monatserhebung im Tourismus,JAHR,Jahr,2019,DLAND,Bundesländer,02,Hamburg,MONAT,Monate,MONAT07,Juli,723514,1490543
45412,Monatserhebung im Tourismus,JAHR,Jahr,2019,DLAND,Bundesländer,02,Hamburg,MONAT,Monate,MONAT08,August,753434,1563959
45412,Monatserhebung im Tourismus,JAHR,Jahr,2019,DLAND,Bundesländer,02,Hamburg,MONAT,Monate,MONAT09,September,665588,1359152
45412,Monatserhebung im Tourismus,JAHR,Jahr,2019,DLAND,Bundesländer,02,Hamburg,MONAT,Monate,MONAT10,Oktober,687064,1440795
45412,Monatserhebung im Tourismus,JAHR,Jahr,2019,DLAND,Bundesländer,02,Hamburg,MONAT,Monate,MONAT11,November,637073,1234146
45412,Monatserhebung im Tourismus,JAHR,Jahr,2019,DLAND,Bundesländer,02,Hamburg,MONAT,Monate,MONAT12,Dezember,586516,1169385
45412,Monatserhebung im Tourismus,JAHR,Jahr,2019,DLAND,Bundesländer,06,Hessen,MONAT,Monate,MONAT01,Januar,1024940,2362883
45412,Monatserhebung im Tourismus,JAHR,Jahr,2019,DLAND,Bundesländer,06,Hessen,MONAT,Monate,MONAT02,Februar,1089308,2444294
45412,Monatserhebung im Tourismus,JAHR,Jahr,2019,DLAND,Bundesländer,06,Hessen,MONAT,Monate,MONAT03,März,1253469,2776248
45412,Monatserhebung im Tourismus,JAHR,Jahr,2019,DLAND,Bundesländer,06,Hessen,MONAT,Monate,MONAT04,April,1228390,2786305
45412,Monatserhebung im Tourismus,JAHR,Jahr,2019,DLAND,Bundesländer,06,Hessen,MONAT,Monate,MONAT05,Mai,1502044,3242106
45412,Monatserhebung im Tourismus,JAHR,Jahr,2019,DLAND,Bundesländer,06,Hessen,MONAT,Monate,MONAT06,Juni,1525025,3339039
45412,Monatserhebung im Tourismus,JAHR,Jahr,2019,DLAND,Bundesländer,06,Hessen,MONAT,Monate,MONAT07,Juli,1472343,3393306
45412,Monatserhebung im Tourismus,JAHR,Jahr,2019,DLAND,Bundesländer,06,Hessen,MONAT,Monate,MONAT08,August,1481371,3401187
45412,Monatserhebung im Tourismus,JAHR,Jahr,2019,DLAND,Bundesländer,06,Hessen,MONAT,Monate,MONAT09,September,1519989,3311893
45412,Monatserhebung im Tourismus,JAHR,Jahr,2019,DLAND,Bundesländer,06,Hessen,MONAT,Monate,MONAT10,Oktober,1440454,3247390
45412,Monatserhebung im Tourismus,JAHR,Jahr,2019,DLAND,Bundesländer,06,Hessen,MONAT,Monate,MONAT11,November,1331835,2905188
45412,Monatserhebung im Tourismus,JAHR,Jahr,2019,DLAND,Bundesländer,06,Hessen,MONAT,Monate,MONAT12,Dezember,1085362,2403835
45412,Monatserhebung im Tourismus,JAHR,Jahr,2019,DLAND,Bundesländer,13,Mecklenburg-Vorpommern,MONAT,Monate,MONAT01,Januar,278830,1029024
45412,Monatserhebung im Tourismus,JAHR,Jahr,2019,DLAND,Bundesländer,13,Mecklenburg-Vorpommern,MONAT,Monate,MONAT02,Februar,356240,1237140
45412,Monatserhebung im Tourismus,JAHR,Jahr,2019,DLAND,Bundesländer,13,Mecklenburg-Vorpommern,MONAT,Monate,MONAT03,März,475285,1590590
45412,Monatserhebung im Tourismus,JAHR,Jahr,2019,DLAND,Bundesländer,13,Mecklenburg-Vorpommern,MONAT,Monate,MONAT04,April,685147,2557608
45412,Monatserhebung im Tourismus,JAHR,Jahr,2019,DLAND,Bundesländer,13,Mecklenburg-Vorpommern,MONAT,Monate,MONAT05,Mai,799602,2903576
45412,Monatserhebung im Tourismus,JAHR,Jahr,2019,DLAND,Bundesländer,13,Mecklenburg-Vorpommern,MONAT,Monate,MONAT06,Juni,1049763,4235140
45412,Monatserhebung im Tourismus,JAHR,Jahr,2019,DLAND,Bundesländer,13,Mecklenburg-Vorpommern,MONAT,Monate,MONAT07,Juli,1221161,6155301
45412,Monatserhebung im Tourismus,JAHR,Jahr,2019,DLAND,Bundesländer,13,Mecklenburg-Vorpommern,MONAT,Monate,MONAT08,August,1136264,5421036
45412,Monatserhebung im Tourismus,JAHR,Jahr,2019,DLAND,Bundesländer,13,Mecklenburg-Vorpommern,MONAT,Monate,MONAT09,September,817872,3348623
45412,Monatserhebung im Tourismus,JAHR,Jahr,2019,DLAND,Bundesländer,13,Mecklenburg-Vorpommern,MONAT,Monate,MONAT10,Oktober,735628,2893138
45412,Monatserhebung im Tourismus,JAHR,Jahr,2019,DLAND,Bundesländer,13,Mecklenburg-Vorpommern,MONAT,Monate,MONAT11,November,400879,1356723
45412,Monatserhebung im Tourismus,JAHR,Jahr,2019,DLAND,Bundesländer,13,Mecklenburg-Vorpommern,MONAT,Monate,MONAT12,Dezember,406308,1389223
45412,Monatserhebung im Tourismus,JAHR,Jahr,2019,DLAND,Bundesländer,03,Niedersachsen,MONAT,Monate,MONAT01,Januar,754544,2049812
45412,Monatserhebung im Tourismus,JAHR,Jahr,2019,DLAND,Bundesländer,03,Niedersachsen,MONAT,Monate,MONAT02,Februar,832712,2200836
45412,Monatserhebung im Tourismus,JAHR,Jahr,2019,DLAND,Bundesländer,03,Niedersachsen,MONAT,Monate,MONAT03,März,1043266,2818043
45412,Monatserhebung im Tourismus,JAHR,Jahr,2019,DLAND,Bundesländer,03,Niedersachsen,MONAT,Monate,MONAT04,April,1280673,4031270
45412,Monatserhebung im Tourismus,JAHR,Jahr,2019,DLAND,Bundesländer,03,Niedersachsen,MONAT,Monate,MONAT05,Mai,1551025,4437554
45412,Monatserhebung im Tourismus,JAHR,Jahr,2019,DLAND,Bundesländer,03,Niedersachsen,MONAT,Monate,MONAT06,Juni,1671476,4995324
45412,Monatserhebung im Tourismus,JAHR,Jahr,2019,DLAND,Bundesländer,03,Niedersachsen,MONAT,Monate,MONAT07,Juli,1679464,5874739
45412,Monatserhebung im Tourismus,JAHR,Jahr,2019,DLAND,Bundesländer,03,Niedersachsen,MONAT,Monate,MONAT08,August,1733014,5844011
45412,Monatserhebung im Tourismus,JAHR,Jahr,2019,DLAND,Bundesländer,03,Niedersachsen,MONAT,Monate,MONAT09,September,1556153,4642785
45412,Monatserhebung im Tourismus,JAHR,Jahr,2019,DLAND,Bundesländer,03,Niedersachsen,MONAT,Monate,MONAT10,Oktober,1376758,4266966
45412,Monatserhebung im Tourismus,JAHR,Jahr,2019,DLAND,Bundesländer,03,Niedersachsen,MONAT,Monate,MONAT11,November,1075666,2740670
45412,Monatserhebung im Tourismus,JAHR,Jahr,2019,DLAND,Bundesländer,03,Niedersachsen,MONAT,Monate,MONAT12,Dezember,861903,2326417
45412,Monatserhebung im Tourismus,JAHR,Jahr,2019,DLAND,Bundesländer,05,Nordrhein-Westfalen,MONAT,Monate,MONAT01,Januar,1626411,3624078
45412,Monatserhebung im Tourismus,JAHR,Jahr,2019,DLAND,Bundesländer,05,Nordrhein-Westfalen,MONAT,Monate,MONAT02,Februar,1666541,3594398
45412,Monatserhebung im Tourismus,JAHR,Jahr,2019,DLAND,Bundesländer,05,Nordrhein-Westfalen,MONAT,Monate,MONAT03,März,1978946,4260353
45412,Monatserhebung im Tourismus,JAHR,Jahr,2019,DLAND,Bundesländer,05,Nordrhein-Westfalen,MONAT,Monate,MONAT04,April,1906579,4258839
45412,Monatserhebung im Tourismus,JAHR,Jahr,2019,DLAND,Bundesländer,05,Nordrhein-Westfalen,MONAT,Monate,MONAT05,Mai,2227835,4682314
45412,Monatserhebung im Tourismus,JAHR,Jahr,2019,DLAND,Bundesländer,05,Nordrhein-Westfalen,MONAT,Monate,MONAT06,Juni,2229194,4879763
45412,Monatserhebung im Tourismus,JAHR,Jahr,2019,DLAND,Bundesländer,05,Nordrhein-Westfalen,MONAT,Monate,MONAT07,Juli,2136421,4891590
45412,Monatserhebung im Tourismus,JAHR,Jahr,2019,DLAND,Bundesländer,05,Nordrhein-Westfalen,MONAT,Monate,MONAT08,August,2117855,4925448
45412,Monatserhebung im Tourismus,JAHR,Jahr,2019,DLAND,Bundesländer,05,Nordrhein-Westfalen,MONAT,Monate,MONAT09,September,2273460,4862741
45412,Monatserhebung im Tourismus,JAHR,Jahr,2019,DLAND,Bundesländer,05,Nordrhein-Westfalen,MONAT,Monate,MONAT10,Oktober,2182699,4984730
45412,Monatserhebung im Tourismus,JAHR,Jahr,2019,DLAND,Bundesländer,05,Nordrhein-Westfalen,MONAT,Monate,MONAT11,November,2140019,4445979
45412,Monatserhebung im Tourismus,JAHR,Jahr,2019,DLAND,Bundesländer,05,Nordrhein-Westfalen,MONAT,Monate,MONAT12,Dezember,1823690,3849551
45412,Monatserhebung im Tourismus,JAHR,Jahr,2019,DLAND,Bundesländer,07,Rheinland-Pfalz,MONAT,Monate,MONAT01,Januar,362423,919567
45412,Monatserhebung im Tourismus,JAHR,Jahr,2019,DLAND,Bundesländer,07,Rheinland-Pfalz,MONAT,Monate,MONAT02,Februar,402197,966889
45412,Monatserhebung im Tourismus,JAHR,Jahr,2019,DLAND,Bundesländer,07,Rheinland-Pfalz,MONAT,Monate,MONAT03,März,574288,1375602
45412,Monatserhebung im Tourismus,JAHR,Jahr,2019,DLAND,Bundesländer,07,Rheinland-Pfalz,MONAT,Monate,MONAT04,April,760348,1945238
45412,Monatserhebung im Tourismus,JAHR,Jahr,2019,DLAND,Bundesländer,07,Rheinland-Pfalz,MONAT,Monate,MONAT05,Mai,923399,2184511
45412,Monatserhebung im Tourismus,JAHR,Jahr,2019,DLAND,Bundesländer,07,Rheinland-Pfalz,MONAT,Monate,MONAT06,Juni,1006601,2575740
45412,Monatserhebung im Tourismus,JAHR,Jahr,2019,DLAND,Bundesländer,07,Rheinland-Pfalz,MONAT,Monate,MONAT07,Juli,972939,2674696
45412,Monatserhebung im Tourismus,JAHR,Jahr,2019,DLAND,Bundesländer,07,Rheinland-Pfalz,MONAT,Monate,MONAT08,August,1084665,2941097
45412,Monatserhebung im Tourismus,JAHR,Jahr,2019,DLAND,Bundesländer,07,Rheinland-Pfalz,MONAT,Monate,MONAT09,September,1020517,2529926
45412,Monatserhebung im Tourismus,JAHR,Jahr,2019,DLAND,Bundesländer,07,Rheinland-Pfalz,MONAT,Monate,MONAT10,Oktober,908842,2319182
45412,Monatserhebung im Tourismus,JAHR,Jahr,2019,DLAND,Bundesländer,07,Rheinland-Pfalz,MONAT,Monate,MONAT11,November,601465,1360520
45412,Monatserhebung im Tourismus,JAHR,Jahr,2019,DLAND,Bundesländer,07,Rheinland-Pfalz,MONAT,Monate,MONAT12,Dezember,502067,1225896
45412,Monatserhebung im Tourismus,JAHR,Jahr,2019,DLAND,Bundesländer,10,Saarland,MONAT,Monate,MONAT01,Januar,65902,198064
45412,Monatserhebung im Tourismus,JAHR,Jahr,2019,DLAND,Bundesländer,10,Saarland,MONAT,Monate,MONAT02,Februar,67385,197930
45412,Monatserhebung im Tourismus,JAHR,Jahr,2019,DLAND,Bundesländer,10,Saarland,MONAT,Monate,MONAT03,März,82872,238681
45412,Monatserhebung im Tourismus,JAHR,Jahr,2019,DLAND,Bundesländer,10,Saarland,MONAT,Monate,MONAT04,April,93468,273938
45412,Monatserhebung im Tourismus,JAHR,Jahr,2019,DLAND,Bundesländer,10,Saarland,MONAT,Monate,MONAT05,Mai,104253,280062
45412,Monatserhebung im Tourismus,JAHR,Jahr,2019,DLAND,Bundesländer,10,Saarland,MONAT,Monate,MONAT06,Juni,112873,317637
45412,Monatserhebung im Tourismus,JAHR,Jahr,2019,DLAND,Bundesländer,10,Saarland,MONAT,Monate,MONAT07,Juli,109307,345446
45412,Monatserhebung im Tourismus,JAHR,Jahr,2019,DLAND,Bundesländer,10,Saarland,MONAT,Monate,MONAT08,August,116685,334852
45412,Monatserhebung im Tourismus,JAHR,Jahr,2019,DLAND,Bundesländer,10,Saarland,MONAT,Monate,MONAT09,September,108965,294356
45412,Monatserhebung im Tourismus,JAHR,Jahr,2019,DLAND,Bundesländer,10,Saarland,MONAT,Monate,MONAT10,Oktober,102262,295000
45412,Monatserhebung im Tourismus,JAHR,Jahr,2019,DLAND,Bundesländer,10,Saarland,MONAT,Monate,MONAT11,November,85481,233109
45412,Monatserhebung im Tourismus,JAHR,Jahr,2019,DLAND,Bundesländer,10,Saarland,MONAT,Monate,MONAT12,Dezember,73222,207608
45412,Monatserhebung im Tourismus,JAHR,Jahr,2019,DLAND,Bundesländer,14,Sachsen,MONAT,Monate,MONAT01,Januar,436665,1087041
45412,Monatserhebung im Tourismus,JAHR,Jahr,2019,DLAND,Bundesländer,14,Sachsen,MONAT,Monate,MONAT02,Februar,468971,1220767
45412,Monatserhebung im Tourismus,JAHR,Jahr,2019,DLAND,Bundesländer,14,Sachsen,MONAT,Monate,MONAT03,März,589349,1386467
45412,Monatserhebung im Tourismus,JAHR,Jahr,2019,DLAND,Bundesländer,14,Sachsen,MONAT,Monate,MONAT04,April,677114,1666840
45412,Monatserhebung im Tourismus,JAHR,Jahr,2019,DLAND,Bundesländer,14,Sachsen,MONAT,Monate,MONAT05,Mai,818007,1927351
45412,Monatserhebung im Tourismus,JAHR,Jahr,2019,DLAND,Bundesländer,14,Sachsen,MONAT,Monate,MONAT06,Juni,835810,2055064
45412,Monatserhebung im Tourismus,JAHR,Jahr,2019,DLAND,Bundesländer,14,Sachsen,MONAT,Monate,MONAT07,Juli,816452,2136246
45412,Monatserhebung im Tourismus,JAHR,Jahr,2019,DLAND,Bundesländer,14,Sachsen,MONAT,Monate,MONAT08,August,882343,2180135
45412,Monatserhebung im Tourismus,JAHR,Jahr,2019,DLAND,Bundesländer,14,Sachsen,MONAT,Monate,MONAT09,September,815584,1951221
45412,Monatserhebung im Tourismus,JAHR,Jahr,2019,DLAND,Bundesländer,14,Sachsen,MONAT,Monate,MONAT10,Oktober,779666,1968442
45412,Monatserhebung im Tourismus,JAHR,Jahr,2019,DLAND,Bundesländer,14,Sachsen,MONAT,Monate,MONAT11,November,644734,1479376
45412,Monatserhebung im Tourismus,JAHR,Jahr,2019,DLAND,Bundesländer,14,Sachsen,MONAT,Monate,MONAT12,Dezember,719478,1691610
45412,Monatserhebung im Tourismus,JAHR,Jahr,2019,DLAND,Bundesländer,15,Sachsen-Anhalt,MONAT,Monate,MONAT01,Januar,173361,424008
45412,Monatserhebung im Tourismus,JAHR,Jahr,2019,DLAND,Bundesländer,15,Sachsen-Anhalt,MONAT,Monate,MONAT02,Februar,193473,494901
45412,Monatserhebung im Tourismus,JAHR,Jahr,2019,DLAND,Bundesländer,15,Sachsen-Anhalt,MONAT,Monate,MONAT03,März,233973,549807
45412,Monatserhebung im Tourismus,JAHR,Jahr,2019,DLAND,Bundesländer,15,Sachsen-Anhalt,MONAT,Monate,MONAT04,April,288344,711219
45412,Monatserhebung im Tourismus,JAHR,Jahr,2019,DLAND,Bundesländer,15,Sachsen-Anhalt,MONAT,Monate,MONAT05,Mai,365052,832559
45412,Monatserhebung im Tourismus,JAHR,Jahr,2019,DLAND,Bundesländer,15,Sachsen-Anhalt,MONAT,Monate,MONAT06,Juni,384735,898257
45412,Monatserhebung im Tourismus,JAHR,Jahr,2019,DLAND,Bundesländer,15,Sachsen-Anhalt,MONAT,Monate,MONAT07,Juli,364159,944266
45412,Monatserhebung im Tourismus,JAHR,Jahr,2019,DLAND,Bundesländer,15,Sachsen-Anhalt,MONAT,Monate,MONAT08,August,385764,930818
45412,Monatserhebung im Tourismus,JAHR,Jahr,2019,DLAND,Bundesländer,15,Sachsen-Anhalt,MONAT,Monate,MONAT09,September,378719,864996
45412,Monatserhebung im Tourismus,JAHR,Jahr,2019,DLAND,Bundesländer,15,Sachsen-Anhalt,MONAT,Monate,MONAT10,Oktober,340385,842166
45412,Monatserhebung im Tourismus,JAHR,Jahr,2019,DLAND,Bundesländer,15,Sachsen-Anhalt,MONAT,Monate,MONAT11,November,258608,586704
45412,Monatserhebung im Tourismus,JAHR,Jahr,2019,DLAND,Bundesländer,15,Sachsen-Anhalt,MONAT,Monate,MONAT12,Dezember,237127,565479
45412,Monatserhebung im Tourismus,JAHR,Jahr,2019,DLAND,Bundesländer,01,Schleswig-Holstein,MONAT,Monate,MONAT01,Januar,304091,1056116
45412,Monatserhebung im Tourismus,JAHR,Jahr,2019,DLAND,Bundesländer,01,Schleswig-Holstein,MONAT,Monate,MONAT02,Februar,376664,1205647
45412,Monatserhebung im Tourismus,JAHR,Jahr,2019,DLAND,Bundesländer,01,Schleswig-Holstein,MONAT,Monate,MONAT03,März,508668,1707674
45412,Monatserhebung im Tourismus,JAHR,Jahr,2019,DLAND,Bundesländer,01,Schleswig-Holstein,MONAT,Monate,MONAT04,April,762762,2926173
45412,Monatserhebung im Tourismus,JAHR,Jahr,2019,DLAND,Bundesländer,01,Schleswig-Holstein,MONAT,Monate,MONAT05,Mai,891354,3318785
45412,Monatserhebung im Tourismus,JAHR,Jahr,2019,DLAND,Bundesländer,01,Schleswig-Holstein,MONAT,Monate,MONAT06,Juni,1086638,4335688
45412,Monatserhebung im Tourismus,JAHR,Jahr,2019,DLAND,Bundesländer,01,Schleswig-Holstein,MONAT,Monate,MONAT07,Juli,1244103,6044743
45412,Monatserhebung im Tourismus,JAHR,Jahr,2019,DLAND,Bundesländer,01,Schleswig-Holstein,MONAT,Monate,MONAT08,August,1184768,5567222
45412,Monatserhebung im Tourismus,JAHR,Jahr,2019,DLAND,Bundesländer,01,Schleswig-Holstein,MONAT,Monate,MONAT09,September,875331,3633060
45412,Monatserhebung im Tourismus,JAHR,Jahr,2019,DLAND,Bundesländer,01,Schleswig-Holstein,MONAT,Monate,MONAT10,Oktober,773129,3138683
45412,Monatserhebung im Tourismus,JAHR,Jahr,2019,DLAND,Bundesländer,01,Schleswig-Holstein,MONAT,Monate,MONAT11,November,456199,1480784
45412,Monatserhebung im Tourismus,JAHR,Jahr,2019,DLAND,Bundesländer,01,Schleswig-Holstein,MONAT,Monate,MONAT12,Dezember,460123,1560219
45412,Monatserhebung im Tourismus,JAHR,Jahr,2019,DLAND,Bundesländer,16,Thüringen,MONAT,Monate,MONAT01,Januar,207076,551008
45412,Monatserhebung im Tourismus,JAHR,Jahr,2019,DLAND,Bundesländer,16,Thüringen,MONAT,Monate,MONAT02,Februar,231015,623855
45412,Monatserhebung im Tourismus,JAHR,Jahr,2019,DLAND,Bundesländer,16,Thüringen,MONAT,Monate,MONAT03,März,270666,675413
45412,Monatserhebung im Tourismus,JAHR,Jahr,2019,DLAND,Bundesländer,16,Thüringen,MONAT,Monate,MONAT04,April,313747,816799
45412,Monatserhebung im Tourismus,JAHR,Jahr,2019,DLAND,Bundesländer,16,Thüringen,MONAT,Monate,MONAT05,Mai,404456,958927
45412,Monatserhebung im Tourismus,JAHR,Jahr,2019,DLAND,Bundesländer,16,Thüringen,MONAT,Monate,MONAT06,Juni,421059,1032784
45412,Monatserhebung im Tourismus,JAHR,Jahr,2019,DLAND,Bundesländer,16,Thüringen,MONAT,Monate,MONAT07,Juli,396502,1112558
45412,Monatserhebung im Tourismus,JAHR,Jahr,2019,DLAND,Bundesländer,16,Thüringen,MONAT,Monate,MONAT08,August,447522,1230751
45412,Monatserhebung im Tourismus,JAHR,Jahr,2019,DLAND,Bundesländer,16,Thüringen,MONAT,Monate,MONAT09,September,399076,964954
45412,Monatserhebung im Tourismus,JAHR,Jahr,2019,DLAND,Bundesländer,16,Thüringen,MONAT,Monate,MONAT10,Oktober,371205,967154
45412,Monatserhebung im Tourismus,JAHR,Jahr,2019,DLAND,Bundesländer,16,Thüringen,MONAT,Monate,MONAT11,November,294950,717239
45412,Monatserhebung im Tourismus,JAHR,Jahr,2019,DLAND,Bundesländer,16,Thüringen,MONAT,Monate,MONAT12,Dezember,280819,698287
45412,Monatserhebung im Tourismus,JAHR,Jahr,2019,DLAND,Bundesländer,,Insgesamt,MONAT,Monate,MONAT01,Januar,10415680,26147661
45412,Monatserhebung im Tourismus,JAHR,Jahr,2019,DLAND,Bundesländer,,Insgesamt,MONAT,Monate,MONAT02,Februar,11364644,27834384
45412,Monatserhebung im Tourismus,JAHR,Jahr,2019,DLAND,Bundesländer,,Insgesamt,MONAT,Monate,MONAT03,März,13494909,32961447
45412,Monatserhebung im Tourismus,JAHR,Jahr,2019,DLAND,Bundesländer,,Insgesamt,MONAT,Monate,MONAT04,April,15428591,40262659
45412,Monatserhebung im Tourismus,JAHR,Jahr,2019,DLAND,Bundesländer,,Insgesamt,MONAT,Monate,MONAT05,Mai,18027116,44480085
45412,Monatserhebung im Tourismus,JAHR,Jahr,2019,DLAND,Bundesländer,,Insgesamt,MONAT,Monate,MONAT06,Juni,19154697,50614526
45412,Monatserhebung im Tourismus,JAHR,Jahr,2019,DLAND,Bundesländer,,Insgesamt,MONAT,Monate,MONAT07,Juli,20388556,58750095
45412,Monatserhebung im Tourismus,JAHR,Jahr,2019,DLAND,Bundesländer,,Insgesamt,MONAT,Monate,MONAT08,August,20029524,57817242
45412,Monatserhebung im Tourismus,JAHR,Jahr,2019,DLAND,Bundesländer,,Insgesamt,MONAT,Monate,MONAT09,September,18539659,47778730
45412,Monatserhebung im Tourismus,JAHR,Jahr,2019,DLAND,Bundesländer,,Insgesamt,MONAT,Monate,MONAT10,Oktober,17452215,45630024
45412,Monatserhebung im Tourismus,JAHR,Jahr,2019,DLAND,Bundesländer,,Insgesamt,MONAT,Monate,MONAT11,November,13914513,32437266
45412,Monatserhebung im Tourismus,JAHR,Jahr,2019,DLAND,Bundesländer,,Insgesamt,MONAT,Monate,MONAT12,Dezember,12734317,30901736
45412,Monatserhebung im Tourismus,JAHR,Jahr,2020,DLAND,Bundesländer,08,Baden-Württemberg,MONAT,Monate,MONAT01,Januar,1297076,3240250
45412,Monatserhebung im Tourismus,JAHR,Jahr,2020,DLAND,Bundesländer,08,Baden-Württemberg,MONAT,Monate,MONAT02,Februar,1401438,3502462
45412,Monatserhebung im Tourismus,JAHR,Jahr,2020,DLAND,Bundesländer,08,Baden-Württemberg,MONAT,Monate,MONAT03,März,629251,1915868
45412,Monatserhebung im Tourismus,JAHR,Jahr,2020,DLAND,Bundesländer,08,Baden-Württemberg,MONAT,Monate,MONAT04,April,116752,552718
45412,Monatserhebung im Tourismus,JAHR,Jahr,2020,DLAND,Bundesländer,08,Baden-Württemberg,MONAT,Monate,MONAT05,Mai,334867,1079488
45412,Monatserhebung im Tourismus,JAHR,Jahr,2020,DLAND,Bundesländer,08,Baden-Württemberg,MONAT,Monate,MONAT06,Juni,1065983,3018428
45412,Monatserhebung im Tourismus,JAHR,Jahr,2020,DLAND,Bundesländer,08,Baden-Württemberg,MONAT,Monate,MONAT07,Juli,1721103,4783716
45412,Monatserhebung im Tourismus,JAHR,Jahr,2020,DLAND,Bundesländer,08,Baden-Württemberg,MONAT,Monate,MONAT08,August,1832221,5364001
45412,Monatserhebung im Tourismus,JAHR,Jahr,2020,DLAND,Bundesländer,08,Baden-Württemberg,MONAT,Monate,MONAT09,September,1734325,4816612
45412,Monatserhebung im Tourismus,JAHR,Jahr,2020,DLAND,Bundesländer,08,Baden-Württemberg,MONAT,Monate,MONAT10,Oktober,1255933,3674250
45412,Monatserhebung im Tourismus,JAHR,Jahr,2020,DLAND,Bundesländer,08,Baden-Württemberg,MONAT,Monate,MONAT11,November,307486,1309672
45412,Monatserhebung im Tourismus,JAHR,Jahr,2020,DLAND,Bundesländer,08,Baden-Württemberg,MONAT,Monate,MONAT12,Dezember,203463,958298
45412,Monatserhebung im Tourismus,JAHR,Jahr,2020,DLAND,Bundesländer,09,Bayern,MONAT,Monate,MONAT01,Januar,2333454,6093580
45412,Monatserhebung im Tourismus,JAHR,Jahr,2020,DLAND,Bundesländer,09,Bayern,MONAT,Monate,MONAT02,Februar,2583713,6775449
45412,Monatserhebung im Tourismus,JAHR,Jahr,2020,DLAND,Bundesländer,09,Bayern,MONAT,Monate,MONAT03,März,1065519,3215727
45412,Monatserhebung im Tourismus,JAHR,Jahr,2020,DLAND,Bundesländer,09,Bayern,MONAT,Monate,MONAT04,April,176315,801198
45412,Monatserhebung im Tourismus,JAHR,Jahr,2020,DLAND,Bundesländer,09,Bayern,MONAT,Monate,MONAT05,Mai,432932,1308766
45412,Monatserhebung im Tourismus,JAHR,Jahr,2020,DLAND,Bundesländer,09,Bayern,MONAT,Monate,MONAT06,Juni,1751601,5462113
45412,Monatserhebung im Tourismus,JAHR,Jahr,2020,DLAND,Bundesländer,09,Bayern,MONAT,Monate,MONAT07,Juli,2936803,8787200
45412,Monatserhebung im Tourismus,JAHR,Jahr,2020,DLAND,Bundesländer,09,Bayern,MONAT,Monate,MONAT08,August,3164506,9891711
45412,Monatserhebung im Tourismus,JAHR,Jahr,2020,DLAND,Bundesländer,09,Bayern,MONAT,Monate,MONAT09,September,2750921,8399599
45412,Monatserhebung im Tourismus,JAHR,Jahr,2020,DLAND,Bundesländer,09,Bayern,MONAT,Monate,MONAT10,Oktober,1934795,6240049
45412,Monatserhebung im Tourismus,JAHR,Jahr,2020,DLAND,Bundesländer,09,Bayern,MONAT,Monate,MONAT11,November,430264,1755851
45412,Monatserhebung im Tourismus,JAHR,Jahr,2020,DLAND,Bundesländer,09,Bayern,MONAT,Monate,MONAT12,Dezember,271332,1231184
45412,Monatserhebung im Tourismus,JAHR,Jahr,2020,DLAND,Bundesländer,11,Berlin,MONAT,Monate,MONAT01,Januar,956965,2201190
45412,Monatserhebung im Tourismus,JAHR,Jahr,2020,DLAND,Bundesländer,11,Berlin,MONAT,Monate,MONAT02,Februar,975212,2311723
45412,Monatserhebung im Tourismus,JAHR,Jahr,2020,DLAND,Bundesländer,11,Berlin,MONAT,Monate,MONAT03,März,382237,906566
45412,Monatserhebung im Tourismus,JAHR,Jahr,2020,DLAND,Bundesländer,11,Berlin,MONAT,Monate,MONAT04,April,51431,162486
45412,Monatserhebung im Tourismus,JAHR,Jahr,2020,DLAND,Bundesländer,11,Berlin,MONAT,Monate,MONAT05,Mai,101083,285033
45412,Monatserhebung im Tourismus,JAHR,Jahr,2020,DLAND,Bundesländer,11,Berlin,MONAT,Monate,MONAT06,Juni,271806,652900
45412,Monatserhebung im Tourismus,JAHR,Jahr,2020,DLAND,Bundesländer,11,Berlin,MONAT,Monate,MONAT07,Juli,517885,1319367
45412,Monatserhebung im Tourismus,JAHR,Jahr,2020,DLAND,Bundesländer,11,Berlin,MONAT,Monate,MONAT08,August,611002,1604329
45412,Monatserhebung im Tourismus,JAHR,Jahr,2020,DLAND,Bundesländer,11,Berlin,MONAT,Monate,MONAT09,September,529654,1281444
45412,Monatserhebung im Tourismus,JAHR,Jahr,2020,DLAND,Bundesländer,11,Berlin,MONAT,Monate,MONAT10,Oktober,346533,906425
45412,Monatserhebung im Tourismus,JAHR,Jahr,2020,DLAND,Bundesländer,11,Berlin,MONAT,Monate,MONAT11,November,117266,359355
45412,Monatserhebung im Tourismus,JAHR,Jahr,2020,DLAND,Bundesländer,11,Berlin,MONAT,Monate,MONAT12,Dezember,86507,287642
45412,Monatserhebung im Tourismus,JAHR,Jahr,2020,DLAND,Bundesländer,12,Brandenburg,MONAT,Monate,MONAT01,Januar,244266,640266
45412,Monatserhebung im Tourismus,JAHR,Jahr,2020,DLAND,Bundesländer,12,Brandenburg,MONAT,Monate,MONAT02,Februar,274946,707371
45412,Monatserhebung im Tourismus,JAHR,Jahr,2020,DLAND,Bundesländer,12,Brandenburg,MONAT,Monate,MONAT03,März,149614,475797
45412,Monatserhebung im Tourismus,JAHR,Jahr,2020,DLAND,Bundesländer,12,Brandenburg,MONAT,Monate,MONAT04,April,39544,238298
45412,Monatserhebung im Tourismus,JAHR,Jahr,2020,DLAND,Bundesländer,12,Brandenburg,MONAT,Monate,MONAT05,Mai,132243,471802
45412,Monatserhebung im Tourismus,JAHR,Jahr,2020,DLAND,Bundesländer,12,Brandenburg,MONAT,Monate,MONAT06,Juni,363565,1074666
45412,Monatserhebung im Tourismus,JAHR,Jahr,2020,DLAND,Bundesländer,12,Brandenburg,MONAT,Monate,MONAT07,Juli,527372,1714613
45412,Monatserhebung im Tourismus,JAHR,Jahr,2020,DLAND,Bundesländer,12,Brandenburg,MONAT,Monate,MONAT08,August,589363,1836120
45412,Monatserhebung im Tourismus,JAHR,Jahr,2020,DLAND,Bundesländer,12,Brandenburg,MONAT,Monate,MONAT09,September,466629,1317956
45412,Monatserhebung im Tourismus,JAHR,Jahr,2020,DLAND,Bundesländer,12,Brandenburg,MONAT,Monate,MONAT10,Oktober,351306,1077975
45412,Monatserhebung im Tourismus,JAHR,Jahr,2020,DLAND,Bundesländer,12,Brandenburg,MONAT,Monate,MONAT11,November,75606,334422
45412,Monatserhebung im Tourismus,JAHR,Jahr,2020,DLAND,Bundesländer,12,Brandenburg,MONAT,Monate,MONAT12,Dezember,46380,245810
45412,Monatserhebung im Tourismus,JAHR,Jahr,2020,DLAND,Bundesländer,04,Bremen,MONAT,Monate,MONAT01,Januar,93170,174323
45412,Monatserhebung im Tourismus,JAHR,Jahr,2020,DLAND,Bundesländer,04,Bremen,MONAT,Monate,MONAT02,Februar,108531,204453
45412,Monatserhebung im Tourismus,JAHR,Jahr,2020,DLAND,Bundesländer,04,Bremen,MONAT,Monate,MONAT03,März,44194,96987
45412,Monatserhebung im Tourismus,JAHR,Jahr,2020,DLAND,Bundesländer,04,Bremen,MONAT,Monate,MONAT04,April,9073,33208
45412,Monatserhebung im Tourismus,JAHR,Jahr,2020,DLAND,Bundesländer,04,Bremen,MONAT,Monate,MONAT05,Mai,24034,62234
45412,Monatserhebung im Tourismus,JAHR,Jahr,2020,DLAND,Bundesländer,04,Bremen,MONAT,Monate,MONAT06,Juni,53386,111059
45412,Monatserhebung im Tourismus,JAHR,Jahr,2020,DLAND,Bundesländer,04,Bremen,MONAT,Monate,MONAT07,Juli,86825,171863
45412,Monatserhebung im Tourismus,JAHR,Jahr,2020,DLAND,Bundesländer,04,Bremen,MONAT,Monate,MONAT08,August,93566,193193
45412,Monatserhebung im Tourismus,JAHR,Jahr,2020,DLAND,Bundesländer,04,Bremen,MONAT,Monate,MONAT09,September,95389,192710
45412,Monatserhebung im Tourismus,JAHR,Jahr,2020,DLAND,Bundesländer,04,Bremen,MONAT,Monate,MONAT10,Oktober,61099,138794
45412,Monatserhebung im Tourismus,JAHR,Jahr,2020,DLAND,Bundesländer,04,Bremen,MONAT,Monate,MONAT11,November,22549,59784
45412,Monatserhebung im Tourismus,JAHR,Jahr,2020,DLAND,Bundesländer,04,Bremen,MONAT,Monate,MONAT12,Dezember,18022,49477
45412,Monatserhebung im Tourismus,JAHR,Jahr,2020,DLAND,Bundesländer,02,Hamburg,MONAT,Monate,MONAT01,Januar,472173,914276
45412,Monatserhebung im Tourismus,JAHR,Jahr,2020,DLAND,Bundesländer,02,Hamburg,MONAT,Monate,MONAT02,Februar,560787,1093332
45412,Monatserhebung im Tourismus,JAHR,Jahr,2020,DLAND,Bundesländer,02,Hamburg,MONAT,Monate,MONAT03,März,213906,459653
45412,Monatserhebung im Tourismus,JAHR,Jahr,2020,DLAND,Bundesländer,02,Hamburg,MONAT,Monate,MONAT04,April,22459,83224
45412,Monatserhebung im Tourismus,JAHR,Jahr,2020,DLAND,Bundesländer,02,Hamburg,MONAT,Monate,MONAT05,Mai,77962,191489
45412,Monatserhebung im Tourismus,JAHR,Jahr,2020,DLAND,Bundesländer,02,Hamburg,MONAT,Monate,MONAT06,Juni,209142,454669
45412,Monatserhebung im Tourismus,JAHR,Jahr,2020,DLAND,Bundesländer,02,Hamburg,MONAT,Monate,MONAT07,Juli,386989,850076
45412,Monatserhebung im Tourismus,JAHR,Jahr,2020,DLAND,Bundesländer,02,Hamburg,MONAT,Monate,MONAT08,August,438253,999664
45412,Monatserhebung im Tourismus,JAHR,Jahr,2020,DLAND,Bundesländer,02,Hamburg,MONAT,Monate,MONAT09,September,387576,847725
45412,Monatserhebung im Tourismus,JAHR,Jahr,2020,DLAND,Bundesländer,02,Hamburg,MONAT,Monate,MONAT10,Oktober,281113,656323
45412,Monatserhebung im Tourismus,JAHR,Jahr,2020,DLAND,Bundesländer,02,Hamburg,MONAT,Monate,MONAT11,November,66272,181089
45412,Monatserhebung im Tourismus,JAHR,Jahr,2020,DLAND,Bundesländer,02,Hamburg,MONAT,Monate,MONAT12,Dezember,55430,147093
45412,Monatserhebung im Tourismus,JAHR,Jahr,2020,DLAND,Bundesländer,06,Hessen,MONAT,Monate,MONAT01,Januar,1035583,2382460
45412,Monatserhebung im Tourismus,JAHR,Jahr,2020,DLAND,Bundesländer,06,Hessen,MONAT,Monate,MONAT02,Februar,1075496,2474041
45412,Monatserhebung im Tourismus,JAHR,Jahr,2020,DLAND,Bundesländer,06,Hessen,MONAT,Monate,MONAT03,März,479604,1336554
45412,Monatserhebung im Tourismus,JAHR,Jahr,2020,DLAND,Bundesländer,06,Hessen,MONAT,Monate,MONAT04,April,99924,462528
45412,Monatserhebung im Tourismus,JAHR,Jahr,2020,DLAND,Bundesländer,06,Hessen,MONAT,Monate,MONAT05,Mai,260271,815344
45412,Monatserhebung im Tourismus,JAHR,Jahr,2020,DLAND,Bundesländer,06,Hessen,MONAT,Monate,MONAT06,Juni,507376,1352005
45412,Monatserhebung im Tourismus,JAHR,Jahr,2020,DLAND,Bundesländer,06,Hessen,MONAT,Monate,MONAT07,Juli,733189,1956476
45412,Monatserhebung im Tourismus,JAHR,Jahr,2020,DLAND,Bundesländer,06,Hessen,MONAT,Monate,MONAT08,August,819108,2157209
45412,Monatserhebung im Tourismus,JAHR,Jahr,2020,DLAND,Bundesländer,06,Hessen,MONAT,Monate,MONAT09,September,818698,2057897
45412,Monatserhebung im Tourismus,JAHR,Jahr,2020,DLAND,Bundesländer,06,Hessen,MONAT,Monate,MONAT10,Oktober,626244,1791761
45412,Monatserhebung im Tourismus,JAHR,Jahr,2020,DLAND,Bundesländer,06,Hessen,MONAT,Monate,MONAT11,November,246745,962878
45412,Monatserhebung im Tourismus,JAHR,Jahr,2020,DLAND,Bundesländer,06,Hessen,MONAT,Monate,MONAT12,Dezember,176163,730493
45412,Monatserhebung im Tourismus,JAHR,Jahr,2020,DLAND,Bundesländer,13,Mecklenburg-Vorpommern,MONAT,Monate,MONAT01,Januar,303574,1102243
45412,Monatserhebung im Tourismus,JAHR,Jahr,2020,DLAND,Bundesländer,13,Mecklenburg-Vorpommern,MONAT,Monate,MONAT02,Februar,401660,1424259
45412,Monatserhebung im Tourismus,JAHR,Jahr,2020,DLAND,Bundesländer,13,Mecklenburg-Vorpommern,MONAT,Monate,MONAT03,März,212187,821135
45412,Monatserhebung im Tourismus,JAHR,Jahr,2020,DLAND,Bundesländer,13,Mecklenburg-Vorpommern,MONAT,Monate,MONAT04,April,14858,99211
45412,Monatserhebung im Tourismus,JAHR,Jahr,2020,DLAND,Bundesländer,13,Mecklenburg-Vorpommern,MONAT,Monate,MONAT05,Mai,219290,771210
45412,Monatserhebung im Tourismus,JAHR,Jahr,2020,DLAND,Bundesländer,13,Mecklenburg-Vorpommern,MONAT,Monate,MONAT06,Juni,848851,3817165
45412,Monatserhebung im Tourismus,JAHR,Jahr,2020,DLAND,Bundesländer,13,Mecklenburg-Vorpommern,MONAT,Monate,MONAT07,Juli,1102981,5799512
45412,Monatserhebung im Tourismus,JAHR,Jahr,2020,DLAND,Bundesländer,13,Mecklenburg-Vorpommern,MONAT,Monate,MONAT08,August,1196322,6009109
45412,Monatserhebung im Tourismus,JAHR,Jahr,2020,DLAND,Bundesländer,13,Mecklenburg-Vorpommern,MONAT,Monate,MONAT09,September,941079,4196193
45412,Monatserhebung im Tourismus,JAHR,Jahr,2020,DLAND,Bundesländer,13,Mecklenburg-Vorpommern,MONAT,Monate,MONAT10,Oktober,754248,3237790
45412,Monatserhebung im Tourismus,JAHR,Jahr,2020,DLAND,Bundesländer,13,Mecklenburg-Vorpommern,MONAT,Monate,MONAT11,November,39524,299416
45412,Monatserhebung im Tourismus,JAHR,Jahr,2020,DLAND,Bundesländer,13,Mecklenburg-Vorpommern,MONAT,Monate,MONAT12,Dezember,22997,193131
45412,Monatserhebung im Tourismus,JAHR,Jahr,2020,DLAND,Bundesländer,03,Niedersachsen,MONAT,Monate,MONAT01,Januar,757646,2051744
45412,Monatserhebung im Tourismus,JAHR,Jahr,2020,DLAND,Bundesländer,03,Niedersachsen,MONAT,Monate,MONAT02,Februar,887000,2375768
45412,Monatserhebung im Tourismus,JAHR,Jahr,2020,DLAND,Bundesländer,03,Niedersachsen,MONAT,Monate,MONAT03,März,461248,1465388
45412,Monatserhebung im Tourismus,JAHR,Jahr,2020,DLAND,Bundesländer,03,Niedersachsen,MONAT,Monate,MONAT04,April,86582,390596
45412,Monatserhebung im Tourismus,JAHR,Jahr,2020,DLAND,Bundesländer,03,Niedersachsen,MONAT,Monate,MONAT05,Mai,390865,1380742
45412,Monatserhebung im Tourismus,JAHR,Jahr,2020,DLAND,Bundesländer,03,Niedersachsen,MONAT,Monate,MONAT06,Juni,855145,3049389
45412,Monatserhebung im Tourismus,JAHR,Jahr,2020,DLAND,Bundesländer,03,Niedersachsen,MONAT,Monate,MONAT07,Juli,1269951,4868928
45412,Monatserhebung im Tourismus,JAHR,Jahr,2020,DLAND,Bundesländer,03,Niedersachsen,MONAT,Monate,MONAT08,August,1388501,5130506
45412,Monatserhebung im Tourismus,JAHR,Jahr,2020,DLAND,Bundesländer,03,Niedersachsen,MONAT,Monate,MONAT09,September,1241570,4110661
45412,Monatserhebung im Tourismus,JAHR,Jahr,2020,DLAND,Bundesländer,03,Niedersachsen,MONAT,Monate,MONAT10,Oktober,1024630,3683786
45412,Monatserhebung im Tourismus,JAHR,Jahr,2020,DLAND,Bundesländer,03,Niedersachsen,MONAT,Monate,MONAT11,November,218107,904593
45412,Monatserhebung im Tourismus,JAHR,Jahr,2020,DLAND,Bundesländer,03,Niedersachsen,MONAT,Monate,MONAT12,Dezember,139546,624376
45412,Monatserhebung im Tourismus,JAHR,Jahr,2020,DLAND,Bundesländer,05,Nordrhein-Westfalen,MONAT,Monate,MONAT01,Januar,1635883,3620035
45412,Monatserhebung im Tourismus,JAHR,Jahr,2020,DLAND,Bundesländer,05,Nordrhein-Westfalen,MONAT,Monate,MONAT02,Februar,1715573,3825772
45412,Monatserhebung im Tourismus,JAHR,Jahr,2020,DLAND,Bundesländer,05,Nordrhein-Westfalen,MONAT,Monate,MONAT03,März,731605,1973435
45412,Monatserhebung im Tourismus,JAHR,Jahr,2020,DLAND,Bundesländer,05,Nordrhein-Westfalen,MONAT,Monate,MONAT04,April,125734,630136
45412,Monatserhebung im Tourismus,JAHR,Jahr,2020,DLAND,Bundesländer,05,Nordrhein-Westfalen,MONAT,Monate,MONAT05,Mai,387720,1245344
45412,Monatserhebung im Tourismus,JAHR,Jahr,2020,DLAND,Bundesländer,05,Nordrhein-Westfalen,MONAT,Monate,MONAT06,Juni,814042,2162091
45412,Monatserhebung im Tourismus,JAHR,Jahr,2020,DLAND,Bundesländer,05,Nordrhein-Westfalen,MONAT,Monate,MONAT07,Juli,1181470,3139781
45412,Monatserhebung im Tourismus,JAHR,Jahr,2020,DLAND,Bundesländer,05,Nordrhein-Westfalen,MONAT,Monate,MONAT08,August,1391546,3482914
45412,Monatserhebung im Tourismus,JAHR,Jahr,2020,DLAND,Bundesländer,05,Nordrhein-Westfalen,MONAT,Monate,MONAT09,September,1369645,3327131
45412,Monatserhebung im Tourismus,JAHR,Jahr,2020,DLAND,Bundesländer,05,Nordrhein-Westfalen,MONAT,Monate,MONAT10,Oktober,1045562,2885312
45412,Monatserhebung im Tourismus,JAHR,Jahr,2020,DLAND,Bundesländer,05,Nordrhein-Westfalen,MONAT,Monate,MONAT11,November,338887,1265179
45412,Monatserhebung im Tourismus,JAHR,Jahr,2020,DLAND,Bundesländer,05,Nordrhein-Westfalen,MONAT,Monate,MONAT12,Dezember,218868,931808
45412,Monatserhebung im Tourismus,JAHR,Jahr,2020,DLAND,Bundesländer,07,Rheinland-Pfalz,MONAT,Monate,MONAT01,Januar,390803,963030
45412,Monatserhebung im Tourismus,JAHR,Jahr,2020,DLAND,Bundesländer,07,Rheinland-Pfalz,MONAT,Monate,MONAT02,Februar,445399,1103093
45412,Monatserhebung im Tourismus,JAHR,Jahr,2020,DLAND,Bundesländer,07,Rheinland-Pfalz,MONAT,Monate,MONAT03,März,232279,674586
45412,Monatserhebung im Tourismus,JAHR,Jahr,2020,DLAND,Bundesländer,07,Rheinland-Pfalz,MONAT,Monate,MONAT04,April,42055,218796
45412,Monatserhebung im Tourismus,JAHR,Jahr,2020,DLAND,Bundesländer,07,Rheinland-Pfalz,MONAT,Monate,MONAT05,Mai,249934,714644
45412,Monatserhebung im Tourismus,JAHR,Jahr,2020,DLAND,Bundesländer,07,Rheinland-Pfalz,MONAT,Monate,MONAT06,Juni,571750,1559602
45412,Monatserhebung im Tourismus,JAHR,Jahr,2020,DLAND,Bundesländer,07,Rheinland-Pfalz,MONAT,Monate,MONAT07,Juli,885506,2490504
45412,Monatserhebung im Tourismus,JAHR,Jahr,2020,DLAND,Bundesländer,07,Rheinland-Pfalz,MONAT,Monate,MONAT08,August,953932,2710469
45412,Monatserhebung im Tourismus,JAHR,Jahr,2020,DLAND,Bundesländer,07,Rheinland-Pfalz,MONAT,Monate,MONAT09,September,920375,2459135
45412,Monatserhebung im Tourismus,JAHR,Jahr,2020,DLAND,Bundesländer,07,Rheinland-Pfalz,MONAT,Monate,MONAT10,Oktober,643575,1888003
45412,Monatserhebung im Tourismus,JAHR,Jahr,2020,DLAND,Bundesländer,07,Rheinland-Pfalz,MONAT,Monate,MONAT11,November,95498,379684
45412,Monatserhebung im Tourismus,JAHR,Jahr,2020,DLAND,Bundesländer,07,Rheinland-Pfalz,MONAT,Monate,MONAT12,Dezember,59827,278531
45412,Monatserhebung im Tourismus,JAHR,Jahr,2020,DLAND,Bundesländer,10,Saarland,MONAT,Monate,MONAT01,Januar,67749,198309
45412,Monatserhebung im Tourismus,JAHR,Jahr,2020,DLAND,Bundesländer,10,Saarland,MONAT,Monate,MONAT02,Februar,74018,218143
45412,Monatserhebung im Tourismus,JAHR,Jahr,2020,DLAND,Bundesländer,10,Saarland,MONAT,Monate,MONAT03,März,37752,133376
45412,Monatserhebung im Tourismus,JAHR,Jahr,2020,DLAND,Bundesländer,10,Saarland,MONAT,Monate,MONAT04,April,8821,39675
45412,Monatserhebung im Tourismus,JAHR,Jahr,2020,DLAND,Bundesländer,10,Saarland,MONAT,Monate,MONAT05,Mai,22499,72828
45412,Monatserhebung im Tourismus,JAHR,Jahr,2020,DLAND,Bundesländer,10,Saarland,MONAT,Monate,MONAT06,Juni,57061,179563
45412,Monatserhebung im Tourismus,JAHR,Jahr,2020,DLAND,Bundesländer,10,Saarland,MONAT,Monate,MONAT07,Juli,85016,271901
45412,Monatserhebung im Tourismus,JAHR,Jahr,2020,DLAND,Bundesländer,10,Saarland,MONAT,Monate,MONAT08,August,94494,294338
45412,Monatserhebung im Tourismus,JAHR,Jahr,2020,DLAND,Bundesländer,10,Saarland,MONAT,Monate,MONAT09,September,84070,249652
45412,Monatserhebung im Tourismus,JAHR,Jahr,2020,DLAND,Bundesländer,10,Saarland,MONAT,Monate,MONAT10,Oktober,62477,207705
45412,Monatserhebung im Tourismus,JAHR,Jahr,2020,DLAND,Bundesländer,10,Saarland,MONAT,Monate,MONAT11,November,19821,93469
45412,Monatserhebung im Tourismus,JAHR,Jahr,2020,DLAND,Bundesländer,10,Saarland,MONAT,Monate,MONAT12,Dezember,13256,68515
45412,Monatserhebung im Tourismus,JAHR,Jahr,2020,DLAND,Bundesländer,14,Sachsen,MONAT,Monate,MONAT01,Januar,472020,1161170
45412,Monatserhebung im Tourismus,JAHR,Jahr,2020,DLAND,Bundesländer,14,Sachsen,MONAT,Monate,MONAT02,Februar,506820,1309193
45412,Monatserhebung im Tourismus,JAHR,Jahr,2020,DLAND,Bundesländer,14,Sachsen,MONAT,Monate,MONAT03,März,248372,726113
45412,Monatserhebung im Tourismus,JAHR,Jahr,2020,DLAND,Bundesländer,14,Sachsen,MONAT,Monate,MONAT04,April,44553,246230
45412,Monatserhebung im Tourismus,JAHR,Jahr,2020,DLAND,Bundesländer,14,Sachsen,MONAT,Monate,MONAT05,Mai,198338,616250
45412,Monatserhebung im Tourismus,JAHR,Jahr,2020,DLAND,Bundesländer,14,Sachsen,MONAT,Monate,MONAT06,Juni,432570,1195853
45412,Monatserhebung im Tourismus,JAHR,Jahr,2020,DLAND,Bundesländer,14,Sachsen,MONAT,Monate,MONAT07,Juli,666947,1851813
45412,Monatserhebung im Tourismus,JAHR,Jahr,2020,DLAND,Bundesländer,14,Sachsen,MONAT,Monate,MONAT08,August,741552,2069369
45412,Monatserhebung im Tourismus,JAHR,Jahr,2020,DLAND,Bundesländer,14,Sachsen,MONAT,Monate,MONAT09,September,705439,1855613
45412,Monatserhebung im Tourismus,JAHR,Jahr,2020,DLAND,Bundesländer,14,Sachsen,MONAT,Monate,MONAT10,Oktober,606700,1720576
45412,Monatserhebung im Tourismus,JAHR,Jahr,2020,DLAND,Bundesländer,14,Sachsen,MONAT,Monate,MONAT11,November,109806,454364
45412,Monatserhebung im Tourismus,JAHR,Jahr,2020,DLAND,Bundesländer,14,Sachsen,MONAT,Monate,MONAT12,Dezember,68094,311743
45412,Monatserhebung im Tourismus,JAHR,Jahr,2020,DLAND,Bundesländer,15,Sachsen-Anhalt,MONAT,Monate,MONAT01,Januar,182845,440163
45412,Monatserhebung im Tourismus,JAHR,Jahr,2020,DLAND,Bundesländer,15,Sachsen-Anhalt,MONAT,Monate,MONAT02,Februar,207116,527868
45412,Monatserhebung im Tourismus,JAHR,Jahr,2020,DLAND,Bundesländer,15,Sachsen-Anhalt,MONAT,Monate,MONAT03,März,111740,314257
45412,Monatserhebung im Tourismus,JAHR,Jahr,2020,DLAND,Bundesländer,15,Sachsen-Anhalt,MONAT,Monate,MONAT04,April,26893,118445
45412,Monatserhebung im Tourismus,JAHR,Jahr,2020,DLAND,Bundesländer,15,Sachsen-Anhalt,MONAT,Monate,MONAT05,Mai,83837,247088
45412,Monatserhebung im Tourismus,JAHR,Jahr,2020,DLAND,Bundesländer,15,Sachsen-Anhalt,MONAT,Monate,MONAT06,Juni,225213,572180
45412,Monatserhebung im Tourismus,JAHR,Jahr,2020,DLAND,Bundesländer,15,Sachsen-Anhalt,MONAT,Monate,MONAT07,Juli,327923,878333
45412,Monatserhebung im Tourismus,JAHR,Jahr,2020,DLAND,Bundesländer,15,Sachsen-Anhalt,MONAT,Monate,MONAT08,August,357747,937984
45412,Monatserhebung im Tourismus,JAHR,Jahr,2020,DLAND,Bundesländer,15,Sachsen-Anhalt,MONAT,Monate,MONAT09,September,340311,846109
45412,Monatserhebung im Tourismus,JAHR,Jahr,2020,DLAND,Bundesländer,15,Sachsen-Anhalt,MONAT,Monate,MONAT10,Oktober,276471,753717
45412,Monatserhebung im Tourismus,JAHR,Jahr,2020,DLAND,Bundesländer,15,Sachsen-Anhalt,MONAT,Monate,MONAT11,November,58155,205859
45412,Monatserhebung im Tourismus,JAHR,Jahr,2020,DLAND,Bundesländer,15,Sachsen-Anhalt,MONAT,Monate,MONAT12,Dezember,36008,131765
45412,Monatserhebung im Tourismus,JAHR,Jahr,2020,DLAND,Bundesländer,01,Schleswig-Holstein,MONAT,Monate,MONAT01,Januar,325980,1129233
45412,Monatserhebung im Tourismus,JAHR,Jahr,2020,DLAND,Bundesländer,01,Schleswig-Holstein,MONAT,Monate,MONAT02,Februar,414127,1408128
45412,Monatserhebung im Tourismus,JAHR,Jahr,2020,DLAND,Bundesländer,01,Schleswig-Holstein,MONAT,Monate,MONAT03,März,237668,958998
45412,Monatserhebung im Tourismus,JAHR,Jahr,2020,DLAND,Bundesländer,01,Schleswig-Holstein,MONAT,Monate,MONAT04,April,28867,148793
45412,Monatserhebung im Tourismus,JAHR,Jahr,2020,DLAND,Bundesländer,01,Schleswig-Holstein,MONAT,Monate,MONAT05,Mai,404870,1522840
45412,Monatserhebung im Tourismus,JAHR,Jahr,2020,DLAND,Bundesländer,01,Schleswig-Holstein,MONAT,Monate,MONAT06,Juni,820867,3867643
45412,Monatserhebung im Tourismus,JAHR,Jahr,2020,DLAND,Bundesländer,01,Schleswig-Holstein,MONAT,Monate,MONAT07,Juli,1070071,5709434
45412,Monatserhebung im Tourismus,JAHR,Jahr,2020,DLAND,Bundesländer,01,Schleswig-Holstein,MONAT,Monate,MONAT08,August,1144363,5802579
45412,Monatserhebung im Tourismus,JAHR,Jahr,2020,DLAND,Bundesländer,01,Schleswig-Holstein,MONAT,Monate,MONAT09,September,913446,4183912
45412,Monatserhebung im Tourismus,JAHR,Jahr,2020,DLAND,Bundesländer,01,Schleswig-Holstein,MONAT,Monate,MONAT10,Oktober,736892,3419058
45412,Monatserhebung im Tourismus,JAHR,Jahr,2020,DLAND,Bundesländer,01,Schleswig-Holstein,MONAT,Monate,MONAT11,November,76148,461976
45412,Monatserhebung im Tourismus,JAHR,Jahr,2020,DLAND,Bundesländer,01,Schleswig-Holstein,MONAT,Monate,MONAT12,Dezember,44298,311727
45412,Monatserhebung im Tourismus,JAHR,Jahr,2020,DLAND,Bundesländer,16,Thüringen,MONAT,Monate,MONAT01,Januar,213577,557846
45412,Monatserhebung im Tourismus,JAHR,Jahr,2020,DLAND,Bundesländer,16,Thüringen,MONAT,Monate,MONAT02,Februar,232216,628511
45412,Monatserhebung im Tourismus,JAHR,Jahr,2020,DLAND,Bundesländer,16,Thüringen,MONAT,Monate,MONAT03,März,110611,357760
45412,Monatserhebung im Tourismus,JAHR,Jahr,2020,DLAND,Bundesländer,16,Thüringen,MONAT,Monate,MONAT04,April,19259,113448
45412,Monatserhebung im Tourismus,JAHR,Jahr,2020,DLAND,Bundesländer,16,Thüringen,MONAT,Monate,MONAT05,Mai,94321,292055
45412,Monatserhebung im Tourismus,JAHR,Jahr,2020,DLAND,Bundesländer,16,Thüringen,MONAT,Monate,MONAT06,Juni,217531,577177
45412,Monatserhebung im Tourismus,JAHR,Jahr,2020,DLAND,Bundesländer,16,Thüringen,MONAT,Monate,MONAT07,Juli,320426,892335
45412,Monatserhebung im Tourismus,JAHR,Jahr,2020,DLAND,Bundesländer,16,Thüringen,MONAT,Monate,MONAT08,August,352278,1000051
45412,Monatserhebung im Tourismus,JAHR,Jahr,2020,DLAND,Bundesländer,16,Thüringen,MONAT,Monate,MONAT09,September,354016,918339
45412,Monatserhebung im Tourismus,JAHR,Jahr,2020,DLAND,Bundesländer,16,Thüringen,MONAT,Monate,MONAT10,Oktober,334076,939558
45412,Monatserhebung im Tourismus,JAHR,Jahr,2020,DLAND,Bundesländer,16,Thüringen,MONAT,Monate,MONAT11,November,54765,246079
45412,Monatserhebung im Tourismus,JAHR,Jahr,2020,DLAND,Bundesländer,16,Thüringen,MONAT,Monate,MONAT12,Dezember,35309,173015
45412,Monatserhebung im Tourismus,JAHR,Jahr,2020,DLAND,Bundesländer,,Insgesamt,MONAT,Monate,MONAT01,Januar,10782764,26870118
45412,Monatserhebung im Tourismus,JAHR,Jahr,2020,DLAND,Bundesländer,,Insgesamt,MONAT,Monate,MONAT02,Februar,11864052,29889566
45412,Monatserhebung im Tourismus,JAHR,Jahr,2020,DLAND,Bundesländer,,Insgesamt,MONAT,Monate,MONAT03,März,5347787,15832200
45412,Monatserhebung im Tourismus,JAHR,Jahr,2020,DLAND,Bundesländer,,Insgesamt,MONAT,Monate,MONAT04,April,913120,4338990
45412,Monatserhebung im Tourismus,JAHR,Jahr,2020,DLAND,Bundesländer,,Insgesamt,MONAT,Monate,MONAT05,Mai,3415066,11077157
45412,Monatserhebung im Tourismus,JAHR,Jahr,2020,DLAND,Bundesländer,,Insgesamt,MONAT,Monate,MONAT06,Juni,9065889,29106503
45412,Monatserhebung im Tourismus,JAHR,Jahr,2020,DLAND,Bundesländer,,Insgesamt,MONAT,Monate,MONAT07,Juli,13820457,45485852
45412,Monatserhebung im Tourismus,JAHR,Jahr,2020,DLAND,Bundesländer,,Insgesamt,MONAT,Monate,MONAT08,August,15168754,49483546
45412,Monatserhebung im Tourismus,JAHR,Jahr,2020,DLAND,Bundesländer,,Insgesamt,MONAT,Monate,MONAT09,September,13653143,41060688
45412,Monatserhebung im Tourismus,JAHR,Jahr,2020,DLAND,Bundesländer,,Insgesamt,MONAT,Monate,MONAT10,Oktober,10341654,33221082
45412,Monatserhebung im Tourismus,JAHR,Jahr,2020,DLAND,Bundesländer,,Insgesamt,MONAT,Monate,MONAT11,November,2276899,9273670
45412,Monatserhebung im Tourismus,JAHR,Jahr,2020,DLAND,Bundesländer,,Insgesamt,MONAT,Monate,MONAT12,Dezember,1495500,6674608
45412,Monatserhebung im Tourismus,JAHR,Jahr,2021,DLAND,Bundesländer,08,Baden-Württemberg,MONAT,Monate,MONAT01,Januar,182705,891004
45412,Monatserhebung im Tourismus,JAHR,Jahr,2021,DLAND,Bundesländer,08,Baden-Württemberg,MONAT,Monate,MONAT02,Februar,225132,1027580
45412,Monatserhebung im Tourismus,JAHR,Jahr,2021,DLAND,Bundesländer,08,Baden-Württemberg,MONAT,Monate,MONAT03,März,303187,1284254
45412,Monatserhebung im Tourismus,JAHR,Jahr,2021,DLAND,Bundesländer,08,Baden-Württemberg,MONAT,Monate,MONAT04,April,269054,1173820
45412,Monatserhebung im Tourismus,JAHR,Jahr,2021,DLAND,Bundesländer,08,Baden-Württemberg,MONAT,Monate,MONAT05,Mai,494073,1733352
45412,Monatserhebung im Tourismus,JAHR,Jahr,2021,DLAND,Bundesländer,08,Baden-Württemberg,MONAT,Monate,MONAT06,Juni,1068748,3294403
45412,Monatserhebung im Tourismus,JAHR,Jahr,2021,DLAND,Bundesländer,08,Baden-Württemberg,MONAT,Monate,MONAT07,Juli,1820111,4992451
45412,Monatserhebung im Tourismus,JAHR,Jahr,2021,DLAND,Bundesländer,08,Baden-Württemberg,MONAT,Monate,MONAT08,August,2021902,6077670
45412,Monatserhebung im Tourismus,JAHR,Jahr,2021,DLAND,Bundesländer,08,Baden-Württemberg,MONAT,Monate,MONAT09,September,1875603,5112195
45412,Monatserhebung im Tourismus,JAHR,Jahr,2021,DLAND,Bundesländer,08,Baden-Württemberg,MONAT,Monate,MONAT10,Oktober,1871309,4843005
45412,Monatserhebung im Tourismus,JAHR,Jahr,2021,DLAND,Bundesländer,08,Baden-Württemberg,MONAT,Monate,MONAT11,November,1126269,3031394
45412,Monatserhebung im Tourismus,JAHR,Jahr,2021,DLAND,Bundesländer,08,Baden-Württemberg,MONAT,Monate,MONAT12,Dezember,733984,2152498
45412,Monatserhebung im Tourismus,JAHR,Jahr,2021,DLAND,Bundesländer,09,Bayern,MONAT,Monate,MONAT01,Januar,249792,1134409
45412,Monatserhebung im Tourismus,JAHR,Jahr,2021,DLAND,Bundesländer,09,Bayern,MONAT,Monate,MONAT02,Februar,308731,1355881
45412,Monatserhebung im Tourismus,JAHR,Jahr,2021,DLAND,Bundesländer,09,Bayern,MONAT,Monate,MONAT03,März,420668,1718574
45412,Monatserhebung im Tourismus,JAHR,Jahr,2021,DLAND,Bundesländer,09,Bayern,MONAT,Monate,MONAT04,April,366334,1537257
45412,Monatserhebung im Tourismus,JAHR,Jahr,2021,DLAND,Bundesländer,09,Bayern,MONAT,Monate,MONAT05,Mai,808804,2773306
45412,Monatserhebung im Tourismus,JAHR,Jahr,2021,DLAND,Bundesländer,09,Bayern,MONAT,Monate,MONAT06,Juni,1912552,6174276
45412,Monatserhebung im Tourismus,JAHR,Jahr,2021,DLAND,Bundesländer,09,Bayern,MONAT,Monate,MONAT07,Juli,3235361,9525824
45412,Monatserhebung im Tourismus,JAHR,Jahr,2021,DLAND,Bundesländer,09,Bayern,MONAT,Monate,MONAT08,August,3559826,11324711
45412,Monatserhebung im Tourismus,JAHR,Jahr,2021,DLAND,Bundesländer,09,Bayern,MONAT,Monate,MONAT09,September,3169367,9404951
45412,Monatserhebung im Tourismus,JAHR,Jahr,2021,DLAND,Bundesländer,09,Bayern,MONAT,Monate,MONAT10,Oktober,2979280,8406989
45412,Monatserhebung im Tourismus,JAHR,Jahr,2021,DLAND,Bundesländer,09,Bayern,MONAT,Monate,MONAT11,November,1498543,4345367
45412,Monatserhebung im Tourismus,JAHR,Jahr,2021,DLAND,Bundesländer,09,Bayern,MONAT,Monate,MONAT12,Dezember,1041565,3268268
45412,Monatserhebung im Tourismus,JAHR,Jahr,2021,DLAND,Bundesländer,11,Berlin,MONAT,Monate,MONAT01,Januar,80878,284435
45412,Monatserhebung im Tourismus,JAHR,Jahr,2021,DLAND,Bundesländer,11,Berlin,MONAT,Monate,MONAT02,Februar,86653,293644
45412,Monatserhebung im Tourismus,JAHR,Jahr,2021,DLAND,Bundesländer,11,Berlin,MONAT,Monate,MONAT03,März,119645,379115
45412,Monatserhebung im Tourismus,JAHR,Jahr,2021,DLAND,Bundesländer,11,Berlin,MONAT,Monate,MONAT04,April,110419,355646
45412,Monatserhebung im Tourismus,JAHR,Jahr,2021,DLAND,Bundesländer,11,Berlin,MONAT,Monate,MONAT05,Mai,143714,418880
45412,Monatserhebung im Tourismus,JAHR,Jahr,2021,DLAND,Bundesländer,11,Berlin,MONAT,Monate,MONAT06,Juni,311599,806546
45412,Monatserhebung im Tourismus,JAHR,Jahr,2021,DLAND,Bundesländer,11,Berlin,MONAT,Monate,MONAT07,Juli,630108,1689577
45412,Monatserhebung im Tourismus,JAHR,Jahr,2021,DLAND,Bundesländer,11,Berlin,MONAT,Monate,MONAT08,August,842140,2329505
45412,Monatserhebung im Tourismus,JAHR,Jahr,2021,DLAND,Bundesländer,11,Berlin,MONAT,Monate,MONAT09,September,756313,1961079
45412,Monatserhebung im Tourismus,JAHR,Jahr,2021,DLAND,Bundesländer,11,Berlin,MONAT,Monate,MONAT10,Oktober,903164,2437101
45412,Monatserhebung im Tourismus,JAHR,Jahr,2021,DLAND,Bundesländer,11,Berlin,MONAT,Monate,MONAT11,November,681442,1771471
45412,Monatserhebung im Tourismus,JAHR,Jahr,2021,DLAND,Bundesländer,11,Berlin,MONAT,Monate,MONAT12,Dezember,462512,1233121
45412,Monatserhebung im Tourismus,JAHR,Jahr,2021,DLAND,Bundesländer,12,Brandenburg,MONAT,Monate,MONAT01,Januar,45880,240006
45412,Monatserhebung im Tourismus,JAHR,Jahr,2021,DLAND,Bundesländer,12,Brandenburg,MONAT,Monate,MONAT02,Februar,49447,240527
45412,Monatserhebung im Tourismus,JAHR,Jahr,2021,DLAND,Bundesländer,12,Brandenburg,MONAT,Monate,MONAT03,März,73215,322118
45412,Monatserhebung im Tourismus,JAHR,Jahr,2021,DLAND,Bundesländer,12,Brandenburg,MONAT,Monate,MONAT04,April,66318,305753
45412,Monatserhebung im Tourismus,JAHR,Jahr,2021,DLAND,Bundesländer,12,Brandenburg,MONAT,Monate,MONAT05,Mai,116309,448436
45412,Monatserhebung im Tourismus,JAHR,Jahr,2021,DLAND,Bundesländer,12,Brandenburg,MONAT,Monate,MONAT06,Juni,322019,1009640
45412,Monatserhebung im Tourismus,JAHR,Jahr,2021,DLAND,Bundesländer,12,Brandenburg,MONAT,Monate,MONAT07,Juli,541067,1771961
45412,Monatserhebung im Tourismus,JAHR,Jahr,2021,DLAND,Bundesländer,12,Brandenburg,MONAT,Monate,MONAT08,August,602187,1916987
45412,Monatserhebung im Tourismus,JAHR,Jahr,2021,DLAND,Bundesländer,12,Brandenburg,MONAT,Monate,MONAT09,September,488445,1361271
45412,Monatserhebung im Tourismus,JAHR,Jahr,2021,DLAND,Bundesländer,12,Brandenburg,MONAT,Monate,MONAT10,Oktober,435715,1248689
45412,Monatserhebung im Tourismus,JAHR,Jahr,2021,DLAND,Bundesländer,12,Brandenburg,MONAT,Monate,MONAT11,November,254659,714833
45412,Monatserhebung im Tourismus,JAHR,Jahr,2021,DLAND,Bundesländer,12,Brandenburg,MONAT,Monate,MONAT12,Dezember,170087,526291
45412,Monatserhebung im Tourismus,JAHR,Jahr,2021,DLAND,Bundesländer,04,Bremen,MONAT,Monate,MONAT01,Januar,17016,51381
45412,Monatserhebung im Tourismus,JAHR,Jahr,2021,DLAND,Bundesländer,04,Bremen,MONAT,Monate,MONAT02,Februar,18710,53880
45412,Monatserhebung im Tourismus,JAHR,Jahr,2021,DLAND,Bundesländer,04,Bremen,MONAT,Monate,MONAT03,März,24657,69969
45412,Monatserhebung im Tourismus,JAHR,Jahr,2021,DLAND,Bundesländer,04,Bremen,MONAT,Monate,MONAT04,April,22008,61083
45412,Monatserhebung im Tourismus,JAHR,Jahr,2021,DLAND,Bundesländer,04,Bremen,MONAT,Monate,MONAT05,Mai,31920,76262
45412,Monatserhebung im Tourismus,JAHR,Jahr,2021,DLAND,Bundesländer,04,Bremen,MONAT,Monate,MONAT06,Juni,59304,122887
45412,Monatserhebung im Tourismus,JAHR,Jahr,2021,DLAND,Bundesländer,04,Bremen,MONAT,Monate,MONAT07,Juli,102206,203980
45412,Monatserhebung im Tourismus,JAHR,Jahr,2021,DLAND,Bundesländer,04,Bremen,MONAT,Monate,MONAT08,August,122337,250695
45412,Monatserhebung im Tourismus,JAHR,Jahr,2021,DLAND,Bundesländer,04,Bremen,MONAT,Monate,MONAT09,September,113002,224226
45412,Monatserhebung im Tourismus,JAHR,Jahr,2021,DLAND,Bundesländer,04,Bremen,MONAT,Monate,MONAT10,Oktober,116968,235117
45412,Monatserhebung im Tourismus,JAHR,Jahr,2021,DLAND,Bundesländer,04,Bremen,MONAT,Monate,MONAT11,November,92187,179622
45412,Monatserhebung im Tourismus,JAHR,Jahr,2021,DLAND,Bundesländer,04,Bremen,MONAT,Monate,MONAT12,Dezember,65217,132666
45412,Monatserhebung im Tourismus,JAHR,Jahr,2021,DLAND,Bundesländer,02,Hamburg,MONAT,Monate,MONAT01,Januar,49457,139890
45412,Monatserhebung im Tourismus,JAHR,Jahr,2021,DLAND,Bundesländer,02,Hamburg,MONAT,Monate,MONAT02,Februar,55552,152426
45412,Monatserhebung im Tourismus,JAHR,Jahr,2021,DLAND,Bundesländer,02,Hamburg,MONAT,Monate,MONAT03,März,72514,186676
45412,Monatserhebung im Tourismus,JAHR,Jahr,2021,DLAND,Bundesländer,02,Hamburg,MONAT,Monate,MONAT04,April,63848,165722
45412,Monatserhebung im Tourismus,JAHR,Jahr,2021,DLAND,Bundesländer,02,Hamburg,MONAT,Monate,MONAT05,Mai,81815,196711
45412,Monatserhebung im Tourismus,JAHR,Jahr,2021,DLAND,Bundesländer,02,Hamburg,MONAT,Monate,MONAT06,Juni,215277,472381
45412,Monatserhebung im Tourismus,JAHR,Jahr,2021,DLAND,Bundesländer,02,Hamburg,MONAT,Monate,MONAT07,Juli,435393,985615
45412,Monatserhebung im Tourismus,JAHR,Jahr,2021,DLAND,Bundesländer,02,Hamburg,MONAT,Monate,MONAT08,August,577519,1365942
45412,Monatserhebung im Tourismus,JAHR,Jahr,2021,DLAND,Bundesländer,02,Hamburg,MONAT,Monate,MONAT09,September,463461,1033929
45412,Monatserhebung im Tourismus,JAHR,Jahr,2021,DLAND,Bundesländer,02,Hamburg,MONAT,Monate,MONAT10,Oktober,554843,1253815
45412,Monatserhebung im Tourismus,JAHR,Jahr,2021,DLAND,Bundesländer,02,Hamburg,MONAT,Monate,MONAT11,November,417558,889861
45412,Monatserhebung im Tourismus,JAHR,Jahr,2021,DLAND,Bundesländer,02,Hamburg,MONAT,Monate,MONAT12,Dezember,336410,716232
45412,Monatserhebung im Tourismus,JAHR,Jahr,2021,DLAND,Bundesländer,06,Hessen,MONAT,Monate,MONAT01,Januar,170757,691678
45412,Monatserhebung im Tourismus,JAHR,Jahr,2021,DLAND,Bundesländer,06,Hessen,MONAT,Monate,MONAT02,Februar,187006,745898
45412,Monatserhebung im Tourismus,JAHR,Jahr,2021,DLAND,Bundesländer,06,Hessen,MONAT,Monate,MONAT03,März,242906,921996
45412,Monatserhebung im Tourismus,JAHR,Jahr,2021,DLAND,Bundesländer,06,Hessen,MONAT,Monate,MONAT04,April,214699,846477
45412,Monatserhebung im Tourismus,JAHR,Jahr,2021,DLAND,Bundesländer,06,Hessen,MONAT,Monate,MONAT05,Mai,267881,949997
45412,Monatserhebung im Tourismus,JAHR,Jahr,2021,DLAND,Bundesländer,06,Hessen,MONAT,Monate,MONAT06,Juni,540913,1524726
45412,Monatserhebung im Tourismus,JAHR,Jahr,2021,DLAND,Bundesländer,06,Hessen,MONAT,Monate,MONAT07,Juli,855796,2216606
45412,Monatserhebung im Tourismus,JAHR,Jahr,2021,DLAND,Bundesländer,06,Hessen,MONAT,Monate,MONAT08,August,959144,2549021
45412,Monatserhebung im Tourismus,JAHR,Jahr,2021,DLAND,Bundesländer,06,Hessen,MONAT,Monate,MONAT09,September,1013618,2469080
45412,Monatserhebung im Tourismus,JAHR,Jahr,2021,DLAND,Bundesländer,06,Hessen,MONAT,Monate,MONAT10,Oktober,1002391,2517336
45412,Monatserhebung im Tourismus,JAHR,Jahr,2021,DLAND,Bundesländer,06,Hessen,MONAT,Monate,MONAT11,November,771261,1935385
45412,Monatserhebung im Tourismus,JAHR,Jahr,2021,DLAND,Bundesländer,06,Hessen,MONAT,Monate,MONAT12,Dezember,520511,1416121
45412,Monatserhebung im Tourismus,JAHR,Jahr,2021,DLAND,Bundesländer,13,Mecklenburg-Vorpommern,MONAT,Monate,MONAT01,Januar,29619,210866
45412,Monatserhebung im Tourismus,JAHR,Jahr,2021,DLAND,Bundesländer,13,Mecklenburg-Vorpommern,MONAT,Monate,MONAT02,Februar,28886,227447
45412,Monatserhebung im Tourismus,JAHR,Jahr,2021,DLAND,Bundesländer,13,Mecklenburg-Vorpommern,MONAT,Monate,MONAT03,März,39841,292138
45412,Monatserhebung im Tourismus,JAHR,Jahr,2021,DLAND,Bundesländer,13,Mecklenburg-Vorpommern,MONAT,Monate,MONAT04,April,32972,281105
45412,Monatserhebung im Tourismus,JAHR,Jahr,2021,DLAND,Bundesländer,13,Mecklenburg-Vorpommern,MONAT,Monate,MONAT05,Mai,39713,311141
45412,Monatserhebung im Tourismus,JAHR,Jahr,2021,DLAND,Bundesländer,13,Mecklenburg-Vorpommern,MONAT,Monate,MONAT06,Juni,709706,3187766
45412,Monatserhebung im Tourismus,JAHR,Jahr,2021,DLAND,Bundesländer,13,Mecklenburg-Vorpommern,MONAT,Monate,MONAT07,Juli,1109204,5788011
45412,Monatserhebung im Tourismus,JAHR,Jahr,2021,DLAND,Bundesländer,13,Mecklenburg-Vorpommern,MONAT,Monate,MONAT08,August,1168176,6323667
45412,Monatserhebung im Tourismus,JAHR,Jahr,2021,DLAND,Bundesländer,13,Mecklenburg-Vorpommern,MONAT,Monate,MONAT09,September,884724,4133259
45412,Monatserhebung im Tourismus,JAHR,Jahr,2021,DLAND,Bundesländer,13,Mecklenburg-Vorpommern,MONAT,Monate,MONAT10,Oktober,827556,3521757
45412,Monatserhebung im Tourismus,JAHR,Jahr,2021,DLAND,Bundesländer,13,Mecklenburg-Vorpommern,MONAT,Monate,MONAT11,November,350004,1329511
45412,Monatserhebung im Tourismus,JAHR,Jahr,2021,DLAND,Bundesländer,13,Mecklenburg-Vorpommern,MONAT,Monate,MONAT12,Dezember,237956,943283
45412,Monatserhebung im Tourismus,JAHR,Jahr,2021,DLAND,Bundesländer,03,Niedersachsen,MONAT,Monate,MONAT01,Januar,149616,633062
45412,Monatserhebung im Tourismus,JAHR,Jahr,2021,DLAND,Bundesländer,03,Niedersachsen,MONAT,Monate,MONAT02,Februar,156858,695388
45412,Monatserhebung im Tourismus,JAHR,Jahr,2021,DLAND,Bundesländer,03,Niedersachsen,MONAT,Monate,MONAT03,März,220327,900498
45412,Monatserhebung im Tourismus,JAHR,Jahr,2021,DLAND,Bundesländer,03,Niedersachsen,MONAT,Monate,MONAT04,April,193887,865190
45412,Monatserhebung im Tourismus,JAHR,Jahr,2021,DLAND,Bundesländer,03,Niedersachsen,MONAT,Monate,MONAT05,Mai,434856,1610944
45412,Monatserhebung im Tourismus,JAHR,Jahr,2021,DLAND,Bundesländer,03,Niedersachsen,MONAT,Monate,MONAT06,Juni,944188,3444616
45412,Monatserhebung im Tourismus,JAHR,Jahr,2021,DLAND,Bundesländer,03,Niedersachsen,MONAT,Monate,MONAT07,Juli,1402979,5303484
45412,Monatserhebung im Tourismus,JAHR,Jahr,2021,DLAND,Bundesländer,03,Niedersachsen,MONAT,Monate,MONAT08,August,1534530,5971628
45412,Monatserhebung im Tourismus,JAHR,Jahr,2021,DLAND,Bundesländer,03,Niedersachsen,MONAT,Monate,MONAT09,September,1390807,4576974
45412,Monatserhebung im Tourismus,JAHR,Jahr,2021,DLAND,Bundesländer,03,Niedersachsen,MONAT,Monate,MONAT10,Oktober,1300765,4376942
45412,Monatserhebung im Tourismus,JAHR,Jahr,2021,DLAND,Bundesländer,03,Niedersachsen,MONAT,Monate,MONAT11,November,743239,2179320
45412,Monatserhebung im Tourismus,JAHR,Jahr,2021,DLAND,Bundesländer,03,Niedersachsen,MONAT,Monate,MONAT12,Dezember,446294,1471574
45412,Monatserhebung im Tourismus,JAHR,Jahr,2021,DLAND,Bundesländer,05,Nordrhein-Westfalen,MONAT,Monate,MONAT01,Januar,221825,898773
45412,Monatserhebung im Tourismus,JAHR,Jahr,2021,DLAND,Bundesländer,05,Nordrhein-Westfalen,MONAT,Monate,MONAT02,Februar,242821,983692
45412,Monatserhebung im Tourismus,JAHR,Jahr,2021,DLAND,Bundesländer,05,Nordrhein-Westfalen,MONAT,Monate,MONAT03,März,335675,1234976
45412,Monatserhebung im Tourismus,JAHR,Jahr,2021,DLAND,Bundesländer,05,Nordrhein-Westfalen,MONAT,Monate,MONAT04,April,298477,1117746
45412,Monatserhebung im Tourismus,JAHR,Jahr,2021,DLAND,Bundesländer,05,Nordrhein-Westfalen,MONAT,Monate,MONAT05,Mai,407234,1376210
45412,Monatserhebung im Tourismus,JAHR,Jahr,2021,DLAND,Bundesländer,05,Nordrhein-Westfalen,MONAT,Monate,MONAT06,Juni,860430,2381611
45412,Monatserhebung im Tourismus,JAHR,Jahr,2021,DLAND,Bundesländer,05,Nordrhein-Westfalen,MONAT,Monate,MONAT07,Juli,1278414,3447397
45412,Monatserhebung im Tourismus,JAHR,Jahr,2021,DLAND,Bundesländer,05,Nordrhein-Westfalen,MONAT,Monate,MONAT08,August,1653484,4172512
45412,Monatserhebung im Tourismus,JAHR,Jahr,2021,DLAND,Bundesländer,05,Nordrhein-Westfalen,MONAT,Monate,MONAT09,September,1686874,3966486
45412,Monatserhebung im Tourismus,JAHR,Jahr,2021,DLAND,Bundesländer,05,Nordrhein-Westfalen,MONAT,Monate,MONAT10,Oktober,1745965,4252367
45412,Monatserhebung im Tourismus,JAHR,Jahr,2021,DLAND,Bundesländer,05,Nordrhein-Westfalen,MONAT,Monate,MONAT11,November,1399087,3299184
45412,Monatserhebung im Tourismus,JAHR,Jahr,2021,DLAND,Bundesländer,05,Nordrhein-Westfalen,MONAT,Monate,MONAT12,Dezember,950667,2434513
45412,Monatserhebung im Tourismus,JAHR,Jahr,2021,DLAND,Bundesländer,07,Rheinland-Pfalz,MONAT,Monate,MONAT01,Januar,56185,262885
45412,Monatserhebung im Tourismus,JAHR,Jahr,2021,DLAND,Bundesländer,07,Rheinland-Pfalz,MONAT,Monate,MONAT02,Februar,65036,301805
45412,Monatserhebung im Tourismus,JAHR,Jahr,2021,DLAND,Bundesländer,07,Rheinland-Pfalz,MONAT,Monate,MONAT03,März,88426,373788
45412,Monatserhebung im Tourismus,JAHR,Jahr,2021,DLAND,Bundesländer,07,Rheinland-Pfalz,MONAT,Monate,MONAT04,April,81984,345357
45412,Monatserhebung im Tourismus,JAHR,Jahr,2021,DLAND,Bundesländer,07,Rheinland-Pfalz,MONAT,Monate,MONAT05,Mai,205613,663459
45412,Monatserhebung im Tourismus,JAHR,Jahr,2021,DLAND,Bundesländer,07,Rheinland-Pfalz,MONAT,Monate,MONAT06,Juni,526196,1516417
45412,Monatserhebung im Tourismus,JAHR,Jahr,2021,DLAND,Bundesländer,07,Rheinland-Pfalz,MONAT,Monate,MONAT07,Juli,696641,1992426
45412,Monatserhebung im Tourismus,JAHR,Jahr,2021,DLAND,Bundesländer,07,Rheinland-Pfalz,MONAT,Monate,MONAT08,August,838053,2465022
45412,Monatserhebung im Tourismus,JAHR,Jahr,2021,DLAND,Bundesländer,07,Rheinland-Pfalz,MONAT,Monate,MONAT09,September,851598,2282411
45412,Monatserhebung im Tourismus,JAHR,Jahr,2021,DLAND,Bundesländer,07,Rheinland-Pfalz,MONAT,Monate,MONAT10,Oktober,809533,2165398
45412,Monatserhebung im Tourismus,JAHR,Jahr,2021,DLAND,Bundesländer,07,Rheinland-Pfalz,MONAT,Monate,MONAT11,November,425631,1104940
45412,Monatserhebung im Tourismus,JAHR,Jahr,2021,DLAND,Bundesländer,07,Rheinland-Pfalz,MONAT,Monate,MONAT12,Dezember,252223,738743
45412,Monatserhebung im Tourismus,JAHR,Jahr,2021,DLAND,Bundesländer,10,Saarland,MONAT,Monate,MONAT01,Januar,13338,67847
45412,Monatserhebung im Tourismus,JAHR,Jahr,2021,DLAND,Bundesländer,10,Saarland,MONAT,Monate,MONAT02,Februar,14832,75212
45412,Monatserhebung im Tourismus,JAHR,Jahr,2021,DLAND,Bundesländer,10,Saarland,MONAT,Monate,MONAT03,März,21081,92725
45412,Monatserhebung im Tourismus,JAHR,Jahr,2021,DLAND,Bundesländer,10,Saarland,MONAT,Monate,MONAT04,April,19365,88679
45412,Monatserhebung im Tourismus,JAHR,Jahr,2021,DLAND,Bundesländer,10,Saarland,MONAT,Monate,MONAT05,Mai,23079,97875
45412,Monatserhebung im Tourismus,JAHR,Jahr,2021,DLAND,Bundesländer,10,Saarland,MONAT,Monate,MONAT06,Juni,57018,191252
45412,Monatserhebung im Tourismus,JAHR,Jahr,2021,DLAND,Bundesländer,10,Saarland,MONAT,Monate,MONAT07,Juli,83221,269103
45412,Monatserhebung im Tourismus,JAHR,Jahr,2021,DLAND,Bundesländer,10,Saarland,MONAT,Monate,MONAT08,August,94781,311369
45412,Monatserhebung im Tourismus,JAHR,Jahr,2021,DLAND,Bundesländer,10,Saarland,MONAT,Monate,MONAT09,September,92279,274608
45412,Monatserhebung im Tourismus,JAHR,Jahr,2021,DLAND,Bundesländer,10,Saarland,MONAT,Monate,MONAT10,Oktober,86720,265875
45412,Monatserhebung im Tourismus,JAHR,Jahr,2021,DLAND,Bundesländer,10,Saarland,MONAT,Monate,MONAT11,November,63494,199478
45412,Monatserhebung im Tourismus,JAHR,Jahr,2021,DLAND,Bundesländer,10,Saarland,MONAT,Monate,MONAT12,Dezember,39850,138168
45412,Monatserhebung im Tourismus,JAHR,Jahr,2021,DLAND,Bundesländer,14,Sachsen,MONAT,Monate,MONAT01,Januar,60210,288212
45412,Monatserhebung im Tourismus,JAHR,Jahr,2021,DLAND,Bundesländer,14,Sachsen,MONAT,Monate,MONAT02,Februar,73136,343760
45412,Monatserhebung im Tourismus,JAHR,Jahr,2021,DLAND,Bundesländer,14,Sachsen,MONAT,Monate,MONAT03,März,103290,440231
45412,Monatserhebung im Tourismus,JAHR,Jahr,2021,DLAND,Bundesländer,14,Sachsen,MONAT,Monate,MONAT04,April,94986,408626
45412,Monatserhebung im Tourismus,JAHR,Jahr,2021,DLAND,Bundesländer,14,Sachsen,MONAT,Monate,MONAT05,Mai,124963,492194
45412,Monatserhebung im Tourismus,JAHR,Jahr,2021,DLAND,Bundesländer,14,Sachsen,MONAT,Monate,MONAT06,Juni,345875,1010645
45412,Monatserhebung im Tourismus,JAHR,Jahr,2021,DLAND,Bundesländer,14,Sachsen,MONAT,Monate,MONAT07,Juli,680380,1843353
45412,Monatserhebung im Tourismus,JAHR,Jahr,2021,DLAND,Bundesländer,14,Sachsen,MONAT,Monate,MONAT08,August,784431,2244627
45412,Monatserhebung im Tourismus,JAHR,Jahr,2021,DLAND,Bundesländer,14,Sachsen,MONAT,Monate,MONAT09,September,749767,1931228
45412,Monatserhebung im Tourismus,JAHR,Jahr,2021,DLAND,Bundesländer,14,Sachsen,MONAT,Monate,MONAT10,Oktober,729085,1958607
45412,Monatserhebung im Tourismus,JAHR,Jahr,2021,DLAND,Bundesländer,14,Sachsen,MONAT,Monate,MONAT11,November,351154,950659
45412,Monatserhebung im Tourismus,JAHR,Jahr,2021,DLAND,Bundesländer,14,Sachsen,MONAT,Monate,MONAT12,Dezember,104359,384677
45412,Monatserhebung im Tourismus,JAHR,Jahr,2021,DLAND,Bundesländer,15,Sachsen-Anhalt,MONAT,Monate,MONAT01,Januar,35643,134767
45412,Monatserhebung im Tourismus,JAHR,Jahr,2021,DLAND,Bundesländer,15,Sachsen-Anhalt,MONAT,Monate,MONAT02,Februar,39400,149968
45412,Monatserhebung im Tourismus,JAHR,Jahr,2021,DLAND,Bundesländer,15,Sachsen-Anhalt,MONAT,Monate,MONAT03,März,56666,205104
45412,Monatserhebung im Tourismus,JAHR,Jahr,2021,DLAND,Bundesländer,15,Sachsen-Anhalt,MONAT,Monate,MONAT04,April,53887,200414
45412,Monatserhebung im Tourismus,JAHR,Jahr,2021,DLAND,Bundesländer,15,Sachsen-Anhalt,MONAT,Monate,MONAT05,Mai,75246,247264
45412,Monatserhebung im Tourismus,JAHR,Jahr,2021,DLAND,Bundesländer,15,Sachsen-Anhalt,MONAT,Monate,MONAT06,Juni,197074,526967
45412,Monatserhebung im Tourismus,JAHR,Jahr,2021,DLAND,Bundesländer,15,Sachsen-Anhalt,MONAT,Monate,MONAT07,Juli,322847,860481
45412,Monatserhebung im Tourismus,JAHR,Jahr,2021,DLAND,Bundesländer,15,Sachsen-Anhalt,MONAT,Monate,MONAT08,August,366160,985972
45412,Monatserhebung im Tourismus,JAHR,Jahr,2021,DLAND,Bundesländer,15,Sachsen-Anhalt,MONAT,Monate,MONAT09,September,351702,861986
45412,Monatserhebung im Tourismus,JAHR,Jahr,2021,DLAND,Bundesländer,15,Sachsen-Anhalt,MONAT,Monate,MONAT10,Oktober,321351,836294
45412,Monatserhebung im Tourismus,JAHR,Jahr,2021,DLAND,Bundesländer,15,Sachsen-Anhalt,MONAT,Monate,MONAT11,November,186523,472719
45412,Monatserhebung im Tourismus,JAHR,Jahr,2021,DLAND,Bundesländer,15,Sachsen-Anhalt,MONAT,Monate,MONAT12,Dezember,118848,333784
45412,Monatserhebung im Tourismus,JAHR,Jahr,2021,DLAND,Bundesländer,01,Schleswig-Holstein,MONAT,Monate,MONAT01,Januar,44193,302927
45412,Monatserhebung im Tourismus,JAHR,Jahr,2021,DLAND,Bundesländer,01,Schleswig-Holstein,MONAT,Monate,MONAT02,Februar,51745,358598
45412,Monatserhebung im Tourismus,JAHR,Jahr,2021,DLAND,Bundesländer,01,Schleswig-Holstein,MONAT,Monate,MONAT03,März,75543,466886
45412,Monatserhebung im Tourismus,JAHR,Jahr,2021,DLAND,Bundesländer,01,Schleswig-Holstein,MONAT,Monate,MONAT04,April,88628,526179
45412,Monatserhebung im Tourismus,JAHR,Jahr,2021,DLAND,Bundesländer,01,Schleswig-Holstein,MONAT,Monate,MONAT05,Mai,616132,2850171
45412,Monatserhebung im Tourismus,JAHR,Jahr,2021,DLAND,Bundesländer,01,Schleswig-Holstein,MONAT,Monate,MONAT06,Juni,839169,4255276
45412,Monatserhebung im Tourismus,JAHR,Jahr,2021,DLAND,Bundesländer,01,Schleswig-Holstein,MONAT,Monate,MONAT07,Juli,1137664,6055301
45412,Monatserhebung im Tourismus,JAHR,Jahr,2021,DLAND,Bundesländer,01,Schleswig-Holstein,MONAT,Monate,MONAT08,August,1177969,6400538
45412,Monatserhebung im Tourismus,JAHR,Jahr,2021,DLAND,Bundesländer,01,Schleswig-Holstein,MONAT,Monate,MONAT09,September,942037,4482942
45412,Monatserhebung im Tourismus,JAHR,Jahr,2021,DLAND,Bundesländer,01,Schleswig-Holstein,MONAT,Monate,MONAT10,Oktober,870056,3856933
45412,Monatserhebung im Tourismus,JAHR,Jahr,2021,DLAND,Bundesländer,01,Schleswig-Holstein,MONAT,Monate,MONAT11,November,418550,1561347
45412,Monatserhebung im Tourismus,JAHR,Jahr,2021,DLAND,Bundesländer,01,Schleswig-Holstein,MONAT,Monate,MONAT12,Dezember,332107,1267939
45412,Monatserhebung im Tourismus,JAHR,Jahr,2021,DLAND,Bundesländer,16,Thüringen,MONAT,Monate,MONAT01,Januar,33955,174702
45412,Monatserhebung im Tourismus,JAHR,Jahr,2021,DLAND,Bundesländer,16,Thüringen,MONAT,Monate,MONAT02,Februar,37199,185911
45412,Monatserhebung im Tourismus,JAHR,Jahr,2021,DLAND,Bundesländer,16,Thüringen,MONAT,Monate,MONAT03,März,50882,228970
45412,Monatserhebung im Tourismus,JAHR,Jahr,2021,DLAND,Bundesländer,16,Thüringen,MONAT,Monate,MONAT04,April,46515,219944
45412,Monatserhebung im Tourismus,JAHR,Jahr,2021,DLAND,Bundesländer,16,Thüringen,MONAT,Monate,MONAT05,Mai,56113,246243
45412,Monatserhebung im Tourismus,JAHR,Jahr,2021,DLAND,Bundesländer,16,Thüringen,MONAT,Monate,MONAT06,Juni,192685,542026
45412,Monatserhebung im Tourismus,JAHR,Jahr,2021,DLAND,Bundesländer,16,Thüringen,MONAT,Monate,MONAT07,Juli,372885,997421
45412,Monatserhebung im Tourismus,JAHR,Jahr,2021,DLAND,Bundesländer,16,Thüringen,MONAT,Monate,MONAT08,August,434431,1224392
45412,Monatserhebung im Tourismus,JAHR,Jahr,2021,DLAND,Bundesländer,16,Thüringen,MONAT,Monate,MONAT09,September,405054,1028238
45412,Monatserhebung im Tourismus,JAHR,Jahr,2021,DLAND,Bundesländer,16,Thüringen,MONAT,Monate,MONAT10,Oktober,346938,929386
45412,Monatserhebung im Tourismus,JAHR,Jahr,2021,DLAND,Bundesländer,16,Thüringen,MONAT,Monate,MONAT11,November,178884,512881
45412,Monatserhebung im Tourismus,JAHR,Jahr,2021,DLAND,Bundesländer,16,Thüringen,MONAT,Monate,MONAT12,Dezember,100790,328941
45412,Monatserhebung im Tourismus,JAHR,Jahr,2021,DLAND,Bundesländer,,Insgesamt,MONAT,Monate,MONAT01,Januar,1441069,6406844
45412,Monatserhebung im Tourismus,JAHR,Jahr,2021,DLAND,Bundesländer,,Insgesamt,MONAT,Monate,MONAT02,Februar,1641144,7191617
45412,Monatserhebung im Tourismus,JAHR,Jahr,2021,DLAND,Bundesländer,,Insgesamt,MONAT,Monate,MONAT03,März,2248523,9118018
45412,Monatserhebung im Tourismus,JAHR,Jahr,2021,DLAND,Bundesländer,,Insgesamt,MONAT,Monate,MONAT04,April,2023381,8498998
45412,Monatserhebung im Tourismus,JAHR,Jahr,2021,DLAND,Bundesländer,,Insgesamt,MONAT,Monate,MONAT05,Mai,3927465,14492445
45412,Monatserhebung im Tourismus,JAHR,Jahr,2021,DLAND,Bundesländer,,Insgesamt,MONAT,Monate,MONAT06,Juni,9102753,30461435
45412,Monatserhebung im Tourismus,JAHR,Jahr,2021,DLAND,Bundesländer,,Insgesamt,MONAT,Monate,MONAT07,Juli,14704277,47942991
45412,Monatserhebung im Tourismus,JAHR,Jahr,2021,DLAND,Bundesländer,,Insgesamt,MONAT,Monate,MONAT08,August,16737070,55914258
45412,Monatserhebung im Tourismus,JAHR,Jahr,2021,DLAND,Bundesländer,,Insgesamt,MONAT,Monate,MONAT09,September,15234651,45104863
45412,Monatserhebung im Tourismus,JAHR,Jahr,2021,DLAND,Bundesländer,,Insgesamt,MONAT,Monate,MONAT10,Oktober,14901639,43105611
45412,Monatserhebung im Tourismus,JAHR,Jahr,2021,DLAND,Bundesländer,,Insgesamt,MONAT,Monate,MONAT11,November,8958485,24477972
45412,Monatserhebung im Tourismus,JAHR,Jahr,2021,DLAND,Bundesländer,,Insgesamt,MONAT,Monate,MONAT12,Dezember,5913380,17486819

