Statistik_Code;Statistik_Label;Zeit_Code;Zeit_Label;Zeit;1_Merkmal_Code;1_Merkmal_Label;1_Auspraegung_Code;1_Auspraegung_Label;GAST01__Ankuenfte__Anzahl;GAST02__Uebernachtungen__Anzahl
45412;Monatserhebung im Tourismus;JAHR;Jahr;1992;DLAND;Bundesländer;08;Baden-Württemberg;12212838;43184000
45412;Monatserhebung im Tourismus;JAHR;Jahr;1992;DLAND;Bundesländer;09;Bayern;20974160;81471441
45412;Monatserhebung im Tourismus;JAHR;Jahr;1992;DLAND;Bundesländer;11;Berlin;3175267;7851233
45412;Monatserhebung im Tourismus;JAHR;Jahr;1992;DLAND;Bundesländer;12;Brandenburg;1455459;4634785
45412;Monatserhebung im Tourismus;JAHR;Jahr;1992;DLAND;Bundesländer;04;Bremen;549499;1070242
45412;Monatserhebung im Tourismus;JAHR;Jahr;1992;DLAND;Bundesländer;02;Hamburg;2202455;4110952
45412;Monatserhebung im Tourismus;JAHR;Jahr;1992;DLAND;Bundesländer;06;Hessen;8628398;29035440
45412;Monatserhebung im Tourismus;JAHR;Jahr;1992;DLAND;Bundesländer;13;Mecklenburg-Vorpommern;2729958;9409912
45412;Monatserhebung im Tourismus;JAHR;Jahr;1992;DLAND;Bundesländer;03;Niedersachsen;9500397;36539539
45412;Monatserhebung im Tourismus;JAHR;Jahr;1992;DLAND;Bundesländer;05;Nordrhein-Westfalen;12188733;37237196
45412;Monatserhebung im Tourismus;JAHR;Jahr;1992;DLAND;Bundesländer;07;Rheinland-Pfalz;6000821;20269650
45412;Monatserhebung im Tourismus;JAHR;Jahr;1992;DLAND;Bundesländer;10;Saarland;574190;1982378
45412;Monatserhebung im Tourismus;JAHR;Jahr;1992;DLAND;Bundesländer;14;Sachsen;2350851;7215971
45412;Monatserhebung im Tourismus;JAHR;Jahr;1992;DLAND;Bundesländer;15;Sachsen-Anhalt;1071650;3261818
45412;Monatserhebung im Tourismus;JAHR;Jahr;1992;DLAND;Bundesländer;01;Schleswig-Holstein;4741782;25457715
45412;Monatserhebung im Tourismus;JAHR;Jahr;1992;DLAND;Bundesländer;16;Thüringen;1894274;5711961
45412;Monatserhebung im Tourismus;JAHR;Jahr;1992;DLAND;Bundesländer;;Insgesamt;90250732;318444233
45412;Monatserhebung im Tourismus;JAHR;Jahr;1993;DLAND;Bundesländer;08;Baden-Württemberg;11828206;41808018
45412;Monatserhebung im Tourismus;JAHR;Jahr;1993;DLAND;Bundesländer;09;Bayern;20241267;79089135
45412;Monatserhebung im Tourismus;JAHR;Jahr;1993;DLAND;Bundesländer;11;Berlin;3040466;7455151
45412;Monatserhebung im Tourismus;JAHR;Jahr;1993;DLAND;Bundesländer;12;Brandenburg;1580602;4855323
45412;Monatserhebung im Tourismus;JAHR;Jahr;1993;DLAND;Bundesländer;04;Bremen;521722;1007773
45412;Monatserhebung im Tourismus;JAHR;Jahr;1993;DLAND;Bundesländer;02;Hamburg;2163619;4016679
45412;Monatserhebung im Tourismus;JAHR;Jahr;1993;DLAND;Bundesländer;06;Hessen;8233034;28001684
45412;Monatserhebung im Tourismus;JAHR;Jahr;1993;DLAND;Bundesländer;13;Mecklenburg-Vorpommern;2912310;10292511
45412;Monatserhebung im Tourismus;JAHR;Jahr;1993;DLAND;Bundesländer;03;Niedersachsen;9005409;35858054
45412;Monatserhebung im Tourismus;JAHR;Jahr;1993;DLAND;Bundesländer;05;Nordrhein-Westfalen;11852407;36246447
45412;Monatserhebung im Tourismus;JAHR;Jahr;1993;DLAND;Bundesländer;07;Rheinland-Pfalz;5629600;19107422
45412;Monatserhebung im Tourismus;JAHR;Jahr;1993;DLAND;Bundesländer;10;Saarland;589483;1972261
45412;Monatserhebung im Tourismus;JAHR;Jahr;1993;DLAND;Bundesländer;14;Sachsen;2563915;7655428
45412;Monatserhebung im Tourismus;JAHR;Jahr;1993;DLAND;Bundesländer;15;Sachsen-Anhalt;1278448;3638874
45412;Monatserhebung im Tourismus;JAHR;Jahr;1993;DLAND;Bundesländer;01;Schleswig-Holstein;4472800;24960363
45412;Monatserhebung im Tourismus;JAHR;Jahr;1993;DLAND;Bundesländer;16;Thüringen;2119326;6114327
45412;Monatserhebung im Tourismus;JAHR;Jahr;1993;DLAND;Bundesländer;;Insgesamt;88032614;312079450
45412;Monatserhebung im Tourismus;JAHR;Jahr;1994;DLAND;Bundesländer;08;Baden-Württemberg;11760640;40916213
45412;Monatserhebung im Tourismus;JAHR;Jahr;1994;DLAND;Bundesländer;09;Bayern;20155491;78073746
45412;Monatserhebung im Tourismus;JAHR;Jahr;1994;DLAND;Bundesländer;11;Berlin;3124869;7500917
45412;Monatserhebung im Tourismus;JAHR;Jahr;1994;DLAND;Bundesländer;12;Brandenburg;2048639;6504292
45412;Monatserhebung im Tourismus;JAHR;Jahr;1994;DLAND;Bundesländer;04;Bremen;557012;1101932
45412;Monatserhebung im Tourismus;JAHR;Jahr;1994;DLAND;Bundesländer;02;Hamburg;2206355;4168413
45412;Monatserhebung im Tourismus;JAHR;Jahr;1994;DLAND;Bundesländer;06;Hessen;8302832;27539255
45412;Monatserhebung im Tourismus;JAHR;Jahr;1994;DLAND;Bundesländer;13;Mecklenburg-Vorpommern;3240641;11926305
45412;Monatserhebung im Tourismus;JAHR;Jahr;1994;DLAND;Bundesländer;03;Niedersachsen;8912630;34802582
45412;Monatserhebung im Tourismus;JAHR;Jahr;1994;DLAND;Bundesländer;05;Nordrhein-Westfalen;11918608;35633712
45412;Monatserhebung im Tourismus;JAHR;Jahr;1994;DLAND;Bundesländer;07;Rheinland-Pfalz;5571022;18774287
45412;Monatserhebung im Tourismus;JAHR;Jahr;1994;DLAND;Bundesländer;10;Saarland;599688;2148384
45412;Monatserhebung im Tourismus;JAHR;Jahr;1994;DLAND;Bundesländer;14;Sachsen;2992355;8953695
45412;Monatserhebung im Tourismus;JAHR;Jahr;1994;DLAND;Bundesländer;15;Sachsen-Anhalt;1661695;4586336
45412;Monatserhebung im Tourismus;JAHR;Jahr;1994;DLAND;Bundesländer;01;Schleswig-Holstein;4398729;24311597
45412;Monatserhebung im Tourismus;JAHR;Jahr;1994;DLAND;Bundesländer;16;Thüringen;2448654;7284834
45412;Monatserhebung im Tourismus;JAHR;Jahr;1994;DLAND;Bundesländer;;Insgesamt;89899860;314226500
45412;Monatserhebung im Tourismus;JAHR;Jahr;1995;DLAND;Bundesländer;08;Baden-Württemberg;12210794;41381214
45412;Monatserhebung im Tourismus;JAHR;Jahr;1995;DLAND;Bundesländer;09;Bayern;20316236;77249265
45412;Monatserhebung im Tourismus;JAHR;Jahr;1995;DLAND;Bundesländer;11;Berlin;3218886;7680805
45412;Monatserhebung im Tourismus;JAHR;Jahr;1995;DLAND;Bundesländer;12;Brandenburg;2448211;7552071
45412;Monatserhebung im Tourismus;JAHR;Jahr;1995;DLAND;Bundesländer;04;Bremen;568018;1078154
45412;Monatserhebung im Tourismus;JAHR;Jahr;1995;DLAND;Bundesländer;02;Hamburg;2291635;4206132
45412;Monatserhebung im Tourismus;JAHR;Jahr;1995;DLAND;Bundesländer;06;Hessen;8556517;27406647
45412;Monatserhebung im Tourismus;JAHR;Jahr;1995;DLAND;Bundesländer;13;Mecklenburg-Vorpommern;3641747;13425353
45412;Monatserhebung im Tourismus;JAHR;Jahr;1995;DLAND;Bundesländer;03;Niedersachsen;9217841;36248565
45412;Monatserhebung im Tourismus;JAHR;Jahr;1995;DLAND;Bundesländer;05;Nordrhein-Westfalen;12434887;36878766
45412;Monatserhebung im Tourismus;JAHR;Jahr;1995;DLAND;Bundesländer;07;Rheinland-Pfalz;5822799;19520493
45412;Monatserhebung im Tourismus;JAHR;Jahr;1995;DLAND;Bundesländer;10;Saarland;587004;2211984
45412;Monatserhebung im Tourismus;JAHR;Jahr;1995;DLAND;Bundesländer;14;Sachsen;3616527;10700206
45412;Monatserhebung im Tourismus;JAHR;Jahr;1995;DLAND;Bundesländer;15;Sachsen-Anhalt;1911555;5330109
45412;Monatserhebung im Tourismus;JAHR;Jahr;1995;DLAND;Bundesländer;01;Schleswig-Holstein;4494907;24858597
45412;Monatserhebung im Tourismus;JAHR;Jahr;1995;DLAND;Bundesländer;16;Thüringen;2619021;7933855
45412;Monatserhebung im Tourismus;JAHR;Jahr;1995;DLAND;Bundesländer;;Insgesamt;93956585;323662216
45412;Monatserhebung im Tourismus;JAHR;Jahr;1996;DLAND;Bundesländer;08;Baden-Württemberg;12202050;40210464
45412;Monatserhebung im Tourismus;JAHR;Jahr;1996;DLAND;Bundesländer;09;Bayern;20362731;75160430
45412;Monatserhebung im Tourismus;JAHR;Jahr;1996;DLAND;Bundesländer;11;Berlin;3272888;7519751
45412;Monatserhebung im Tourismus;JAHR;Jahr;1996;DLAND;Bundesländer;12;Brandenburg;2546693;8057817
45412;Monatserhebung im Tourismus;JAHR;Jahr;1996;DLAND;Bundesländer;04;Bremen;577732;1090492
45412;Monatserhebung im Tourismus;JAHR;Jahr;1996;DLAND;Bundesländer;02;Hamburg;2350481;4263539
45412;Monatserhebung im Tourismus;JAHR;Jahr;1996;DLAND;Bundesländer;06;Hessen;8543208;26127166
45412;Monatserhebung im Tourismus;JAHR;Jahr;1996;DLAND;Bundesländer;13;Mecklenburg-Vorpommern;3607806;13828119
45412;Monatserhebung im Tourismus;JAHR;Jahr;1996;DLAND;Bundesländer;03;Niedersachsen;9340678;36293144
45412;Monatserhebung im Tourismus;JAHR;Jahr;1996;DLAND;Bundesländer;05;Nordrhein-Westfalen;12950845;36900340
45412;Monatserhebung im Tourismus;JAHR;Jahr;1996;DLAND;Bundesländer;07;Rheinland-Pfalz;5879333;19098588
45412;Monatserhebung im Tourismus;JAHR;Jahr;1996;DLAND;Bundesländer;10;Saarland;566775;2225118
45412;Monatserhebung im Tourismus;JAHR;Jahr;1996;DLAND;Bundesländer;14;Sachsen;4260526;12711292
45412;Monatserhebung im Tourismus;JAHR;Jahr;1996;DLAND;Bundesländer;15;Sachsen-Anhalt;2020138;5569740
45412;Monatserhebung im Tourismus;JAHR;Jahr;1996;DLAND;Bundesländer;01;Schleswig-Holstein;4409887;24153274
45412;Monatserhebung im Tourismus;JAHR;Jahr;1996;DLAND;Bundesländer;16;Thüringen;2635093;8035784
45412;Monatserhebung im Tourismus;JAHR;Jahr;1996;DLAND;Bundesländer;;Insgesamt;95526864;321245058
45412;Monatserhebung im Tourismus;JAHR;Jahr;1997;DLAND;Bundesländer;08;Baden-Württemberg;12414629;37404118
45412;Monatserhebung im Tourismus;JAHR;Jahr;1997;DLAND;Bundesländer;09;Bayern;20538780;70791859
45412;Monatserhebung im Tourismus;JAHR;Jahr;1997;DLAND;Bundesländer;11;Berlin;3483073;8087229
45412;Monatserhebung im Tourismus;JAHR;Jahr;1997;DLAND;Bundesländer;12;Brandenburg;2688208;8148737
45412;Monatserhebung im Tourismus;JAHR;Jahr;1997;DLAND;Bundesländer;04;Bremen;582188;1108964
45412;Monatserhebung im Tourismus;JAHR;Jahr;1997;DLAND;Bundesländer;02;Hamburg;2446732;4378102
45412;Monatserhebung im Tourismus;JAHR;Jahr;1997;DLAND;Bundesländer;06;Hessen;8822697;23815250
45412;Monatserhebung im Tourismus;JAHR;Jahr;1997;DLAND;Bundesländer;13;Mecklenburg-Vorpommern;3920245;14735799
45412;Monatserhebung im Tourismus;JAHR;Jahr;1997;DLAND;Bundesländer;03;Niedersachsen;9498465;35019824
45412;Monatserhebung im Tourismus;JAHR;Jahr;1997;DLAND;Bundesländer;05;Nordrhein-Westfalen;13379077;35153658
45412;Monatserhebung im Tourismus;JAHR;Jahr;1997;DLAND;Bundesländer;07;Rheinland-Pfalz;5885292;18216980
45412;Monatserhebung im Tourismus;JAHR;Jahr;1997;DLAND;Bundesländer;10;Saarland;599699;2042260
45412;Monatserhebung im Tourismus;JAHR;Jahr;1997;DLAND;Bundesländer;14;Sachsen;4508113;12992711
45412;Monatserhebung im Tourismus;JAHR;Jahr;1997;DLAND;Bundesländer;15;Sachsen-Anhalt;2058754;5329486
45412;Monatserhebung im Tourismus;JAHR;Jahr;1997;DLAND;Bundesländer;01;Schleswig-Holstein;4542321;23482298
45412;Monatserhebung im Tourismus;JAHR;Jahr;1997;DLAND;Bundesländer;16;Thüringen;2644851;7615333
45412;Monatserhebung im Tourismus;JAHR;Jahr;1997;DLAND;Bundesländer;;Insgesamt;98013124;308322608
45412;Monatserhebung im Tourismus;JAHR;Jahr;1998;DLAND;Bundesländer;08;Baden-Württemberg;13032942;38842623
45412;Monatserhebung im Tourismus;JAHR;Jahr;1998;DLAND;Bundesländer;09;Bayern;21446819;72448314
45412;Monatserhebung im Tourismus;JAHR;Jahr;1998;DLAND;Bundesländer;11;Berlin;3636200;8367025
45412;Monatserhebung im Tourismus;JAHR;Jahr;1998;DLAND;Bundesländer;12;Brandenburg;2726077;8027840
45412;Monatserhebung im Tourismus;JAHR;Jahr;1998;DLAND;Bundesländer;04;Bremen;606217;1168964
45412;Monatserhebung im Tourismus;JAHR;Jahr;1998;DLAND;Bundesländer;02;Hamburg;2540641;4541687
45412;Monatserhebung im Tourismus;JAHR;Jahr;1998;DLAND;Bundesländer;06;Hessen;9043127;23838486
45412;Monatserhebung im Tourismus;JAHR;Jahr;1998;DLAND;Bundesländer;13;Mecklenburg-Vorpommern;4047905;16060491
45412;Monatserhebung im Tourismus;JAHR;Jahr;1998;DLAND;Bundesländer;03;Niedersachsen;9607034;35267958
45412;Monatserhebung im Tourismus;JAHR;Jahr;1998;DLAND;Bundesländer;05;Nordrhein-Westfalen;13750559;35543799
45412;Monatserhebung im Tourismus;JAHR;Jahr;1998;DLAND;Bundesländer;07;Rheinland-Pfalz;6220864;18696106
45412;Monatserhebung im Tourismus;JAHR;Jahr;1998;DLAND;Bundesländer;10;Saarland;628793;2133162
45412;Monatserhebung im Tourismus;JAHR;Jahr;1998;DLAND;Bundesländer;14;Sachsen;4667241;13169162
45412;Monatserhebung im Tourismus;JAHR;Jahr;1998;DLAND;Bundesländer;15;Sachsen-Anhalt;2139947;5366679
45412;Monatserhebung im Tourismus;JAHR;Jahr;1998;DLAND;Bundesländer;01;Schleswig-Holstein;4534132;22898613
45412;Monatserhebung im Tourismus;JAHR;Jahr;1998;DLAND;Bundesländer;16;Thüringen;2723470;8040513
45412;Monatserhebung im Tourismus;JAHR;Jahr;1998;DLAND;Bundesländer;;Insgesamt;101351968;314411422
45412;Monatserhebung im Tourismus;JAHR;Jahr;1999;DLAND;Bundesländer;08;Baden-Württemberg;13674320;40544845
45412;Monatserhebung im Tourismus;JAHR;Jahr;1999;DLAND;Bundesländer;09;Bayern;22471696;75052146
45412;Monatserhebung im Tourismus;JAHR;Jahr;1999;DLAND;Bundesländer;11;Berlin;4210465;9593017
45412;Monatserhebung im Tourismus;JAHR;Jahr;1999;DLAND;Bundesländer;12;Brandenburg;3040322;8615827
45412;Monatserhebung im Tourismus;JAHR;Jahr;1999;DLAND;Bundesländer;04;Bremen;670158;1282966
45412;Monatserhebung im Tourismus;JAHR;Jahr;1999;DLAND;Bundesländer;02;Hamburg;2630655;4688007
45412;Monatserhebung im Tourismus;JAHR;Jahr;1999;DLAND;Bundesländer;06;Hessen;9497894;25022950
45412;Monatserhebung im Tourismus;JAHR;Jahr;1999;DLAND;Bundesländer;13;Mecklenburg-Vorpommern;4630567;18953965
45412;Monatserhebung im Tourismus;JAHR;Jahr;1999;DLAND;Bundesländer;03;Niedersachsen;9922945;35762064
45412;Monatserhebung im Tourismus;JAHR;Jahr;1999;DLAND;Bundesländer;05;Nordrhein-Westfalen;14298727;36484671
45412;Monatserhebung im Tourismus;JAHR;Jahr;1999;DLAND;Bundesländer;07;Rheinland-Pfalz;6607925;19644911
45412;Monatserhebung im Tourismus;JAHR;Jahr;1999;DLAND;Bundesländer;10;Saarland;657733;2142681
45412;Monatserhebung im Tourismus;JAHR;Jahr;1999;DLAND;Bundesländer;14;Sachsen;4891600;13905184
45412;Monatserhebung im Tourismus;JAHR;Jahr;1999;DLAND;Bundesländer;15;Sachsen-Anhalt;2242090;5670770
45412;Monatserhebung im Tourismus;JAHR;Jahr;1999;DLAND;Bundesländer;01;Schleswig-Holstein;4675105;23002140
45412;Monatserhebung im Tourismus;JAHR;Jahr;1999;DLAND;Bundesländer;16;Thüringen;3079887;8999323
45412;Monatserhebung im Tourismus;JAHR;Jahr;1999;DLAND;Bundesländer;;Insgesamt;107202089;329365467
45412;Monatserhebung im Tourismus;JAHR;Jahr;2000;DLAND;Bundesländer;08;Baden-Württemberg;14100567;41826855
45412;Monatserhebung im Tourismus;JAHR;Jahr;2000;DLAND;Bundesländer;09;Bayern;23828000;78194645
45412;Monatserhebung im Tourismus;JAHR;Jahr;2000;DLAND;Bundesländer;11;Berlin;5050173;11545562
45412;Monatserhebung im Tourismus;JAHR;Jahr;2000;DLAND;Bundesländer;12;Brandenburg;3202749;9096035
45412;Monatserhebung im Tourismus;JAHR;Jahr;2000;DLAND;Bundesländer;04;Bremen;727141;1352359
45412;Monatserhebung im Tourismus;JAHR;Jahr;2000;DLAND;Bundesländer;02;Hamburg;2695083;4942612
45412;Monatserhebung im Tourismus;JAHR;Jahr;2000;DLAND;Bundesländer;06;Hessen;10105374;26651998
45412;Monatserhebung im Tourismus;JAHR;Jahr;2000;DLAND;Bundesländer;13;Mecklenburg-Vorpommern;5050502;21342158
45412;Monatserhebung im Tourismus;JAHR;Jahr;2000;DLAND;Bundesländer;03;Niedersachsen;11265872;38701391
45412;Monatserhebung im Tourismus;JAHR;Jahr;2000;DLAND;Bundesländer;05;Nordrhein-Westfalen;14621540;37465896
45412;Monatserhebung im Tourismus;JAHR;Jahr;2000;DLAND;Bundesländer;07;Rheinland-Pfalz;6990474;20963667
45412;Monatserhebung im Tourismus;JAHR;Jahr;2000;DLAND;Bundesländer;10;Saarland;666065;2217238
45412;Monatserhebung im Tourismus;JAHR;Jahr;2000;DLAND;Bundesländer;14;Sachsen;5295080;14990918
45412;Monatserhebung im Tourismus;JAHR;Jahr;2000;DLAND;Bundesländer;15;Sachsen-Anhalt;2255229;5688653
45412;Monatserhebung im Tourismus;JAHR;Jahr;2000;DLAND;Bundesländer;01;Schleswig-Holstein;4787336;23196919
45412;Monatserhebung im Tourismus;JAHR;Jahr;2000;DLAND;Bundesländer;16;Thüringen;3095344;9246581
45412;Monatserhebung im Tourismus;JAHR;Jahr;2000;DLAND;Bundesländer;;Insgesamt;113736529;347423487
45412;Monatserhebung im Tourismus;JAHR;Jahr;2001;DLAND;Bundesländer;08;Baden-Württemberg;14161173;41886984
45412;Monatserhebung im Tourismus;JAHR;Jahr;2001;DLAND;Bundesländer;09;Bayern;23756948;78232220
45412;Monatserhebung im Tourismus;JAHR;Jahr;2001;DLAND;Bundesländer;11;Berlin;4972431;11472415
45412;Monatserhebung im Tourismus;JAHR;Jahr;2001;DLAND;Bundesländer;12;Brandenburg;3359531;9530208
45412;Monatserhebung im Tourismus;JAHR;Jahr;2001;DLAND;Bundesländer;04;Bremen;715893;1321430
45412;Monatserhebung im Tourismus;JAHR;Jahr;2001;DLAND;Bundesländer;02;Hamburg;2574809;4811440
45412;Monatserhebung im Tourismus;JAHR;Jahr;2001;DLAND;Bundesländer;06;Hessen;10070500;26613322
45412;Monatserhebung im Tourismus;JAHR;Jahr;2001;DLAND;Bundesländer;13;Mecklenburg-Vorpommern;5351023;23035551
45412;Monatserhebung im Tourismus;JAHR;Jahr;2001;DLAND;Bundesländer;03;Niedersachsen;10307638;37072317
45412;Monatserhebung im Tourismus;JAHR;Jahr;2001;DLAND;Bundesländer;05;Nordrhein-Westfalen;14792254;37941542
45412;Monatserhebung im Tourismus;JAHR;Jahr;2001;DLAND;Bundesländer;07;Rheinland-Pfalz;6673802;20228330
45412;Monatserhebung im Tourismus;JAHR;Jahr;2001;DLAND;Bundesländer;10;Saarland;675776;2227182
45412;Monatserhebung im Tourismus;JAHR;Jahr;2001;DLAND;Bundesländer;14;Sachsen;5291260;14932808
45412;Monatserhebung im Tourismus;JAHR;Jahr;2001;DLAND;Bundesländer;15;Sachsen-Anhalt;2302249;5789726
45412;Monatserhebung im Tourismus;JAHR;Jahr;2001;DLAND;Bundesländer;01;Schleswig-Holstein;4799102;23293594
45412;Monatserhebung im Tourismus;JAHR;Jahr;2001;DLAND;Bundesländer;16;Thüringen;3040245;9055317
45412;Monatserhebung im Tourismus;JAHR;Jahr;2001;DLAND;Bundesländer;;Insgesamt;112844634;347444386
45412;Monatserhebung im Tourismus;JAHR;Jahr;2002;DLAND;Bundesländer;08;Baden-Württemberg;13967299;40828566
45412;Monatserhebung im Tourismus;JAHR;Jahr;2002;DLAND;Bundesländer;09;Bayern;23088203;74738406
45412;Monatserhebung im Tourismus;JAHR;Jahr;2002;DLAND;Bundesländer;11;Berlin;4789135;11134583
45412;Monatserhebung im Tourismus;JAHR;Jahr;2002;DLAND;Bundesländer;12;Brandenburg;3185548;9199215
45412;Monatserhebung im Tourismus;JAHR;Jahr;2002;DLAND;Bundesländer;04;Bremen;708242;1293431
45412;Monatserhebung im Tourismus;JAHR;Jahr;2002;DLAND;Bundesländer;02;Hamburg;2753618;5149174
45412;Monatserhebung im Tourismus;JAHR;Jahr;2002;DLAND;Bundesländer;06;Hessen;9891273;25591839
45412;Monatserhebung im Tourismus;JAHR;Jahr;2002;DLAND;Bundesländer;13;Mecklenburg-Vorpommern;5663162;24482172
45412;Monatserhebung im Tourismus;JAHR;Jahr;2002;DLAND;Bundesländer;03;Niedersachsen;10185165;35879369
45412;Monatserhebung im Tourismus;JAHR;Jahr;2002;DLAND;Bundesländer;05;Nordrhein-Westfalen;14675761;37293338
45412;Monatserhebung im Tourismus;JAHR;Jahr;2002;DLAND;Bundesländer;07;Rheinland-Pfalz;6656523;19846051
45412;Monatserhebung im Tourismus;JAHR;Jahr;2002;DLAND;Bundesländer;10;Saarland;668849;2173950
45412;Monatserhebung im Tourismus;JAHR;Jahr;2002;DLAND;Bundesländer;14;Sachsen;4914127;13879261
45412;Monatserhebung im Tourismus;JAHR;Jahr;2002;DLAND;Bundesländer;15;Sachsen-Anhalt;2190160;5584831
45412;Monatserhebung im Tourismus;JAHR;Jahr;2002;DLAND;Bundesländer;01;Schleswig-Holstein;4755151;22851830
45412;Monatserhebung im Tourismus;JAHR;Jahr;2002;DLAND;Bundesländer;16;Thüringen;2903485;8596174
45412;Monatserhebung im Tourismus;JAHR;Jahr;2002;DLAND;Bundesländer;;Insgesamt;110995701;338522190
45412;Monatserhebung im Tourismus;JAHR;Jahr;2003;DLAND;Bundesländer;08;Baden-Württemberg;13870982;39918919
45412;Monatserhebung im Tourismus;JAHR;Jahr;2003;DLAND;Bundesländer;09;Bayern;23043500;73779781
45412;Monatserhebung im Tourismus;JAHR;Jahr;2003;DLAND;Bundesländer;11;Berlin;4984379;11425390
45412;Monatserhebung im Tourismus;JAHR;Jahr;2003;DLAND;Bundesländer;12;Brandenburg;3252776;9288185
45412;Monatserhebung im Tourismus;JAHR;Jahr;2003;DLAND;Bundesländer;04;Bremen;723323;1313312
45412;Monatserhebung im Tourismus;JAHR;Jahr;2003;DLAND;Bundesländer;02;Hamburg;2974050;5444959
45412;Monatserhebung im Tourismus;JAHR;Jahr;2003;DLAND;Bundesländer;06;Hessen;9737373;24931036
45412;Monatserhebung im Tourismus;JAHR;Jahr;2003;DLAND;Bundesländer;13;Mecklenburg-Vorpommern;6187140;25942189
45412;Monatserhebung im Tourismus;JAHR;Jahr;2003;DLAND;Bundesländer;03;Niedersachsen;10279376;35461025
45412;Monatserhebung im Tourismus;JAHR;Jahr;2003;DLAND;Bundesländer;05;Nordrhein-Westfalen;14587030;36606268
45412;Monatserhebung im Tourismus;JAHR;Jahr;2003;DLAND;Bundesländer;07;Rheinland-Pfalz;6736815;19881931
45412;Monatserhebung im Tourismus;JAHR;Jahr;2003;DLAND;Bundesländer;10;Saarland;706921;2189267
45412;Monatserhebung im Tourismus;JAHR;Jahr;2003;DLAND;Bundesländer;14;Sachsen;5287660;14697405
45412;Monatserhebung im Tourismus;JAHR;Jahr;2003;DLAND;Bundesländer;15;Sachsen-Anhalt;2240470;5666899
45412;Monatserhebung im Tourismus;JAHR;Jahr;2003;DLAND;Bundesländer;01;Schleswig-Holstein;5018527;23276460
45412;Monatserhebung im Tourismus;JAHR;Jahr;2003;DLAND;Bundesländer;16;Thüringen;2947889;8591203
45412;Monatserhebung im Tourismus;JAHR;Jahr;2003;DLAND;Bundesländer;;Insgesamt;112578211;338414229
45412;Monatserhebung im Tourismus;JAHR;Jahr;2004;DLAND;Bundesländer;08;Baden-Württemberg;14336025;40023300
45412;Monatserhebung im Tourismus;JAHR;Jahr;2004;DLAND;Bundesländer;09;Bayern;23851888;73609569
45412;Monatserhebung im Tourismus;JAHR;Jahr;2004;DLAND;Bundesländer;11;Berlin;5923793;13260393
45412;Monatserhebung im Tourismus;JAHR;Jahr;2004;DLAND;Bundesländer;12;Brandenburg;3320806;9256546
45412;Monatserhebung im Tourismus;JAHR;Jahr;2004;DLAND;Bundesländer;04;Bremen;795446;1422449
45412;Monatserhebung im Tourismus;JAHR;Jahr;2004;DLAND;Bundesländer;02;Hamburg;3263020;5945219
45412;Monatserhebung im Tourismus;JAHR;Jahr;2004;DLAND;Bundesländer;06;Hessen;10090197;24853394
45412;Monatserhebung im Tourismus;JAHR;Jahr;2004;DLAND;Bundesländer;13;Mecklenburg-Vorpommern;5708982;24399899
45412;Monatserhebung im Tourismus;JAHR;Jahr;2004;DLAND;Bundesländer;03;Niedersachsen;10073404;34491060
45412;Monatserhebung im Tourismus;JAHR;Jahr;2004;DLAND;Bundesländer;05;Nordrhein-Westfalen;15505616;37690205
45412;Monatserhebung im Tourismus;JAHR;Jahr;2004;DLAND;Bundesländer;07;Rheinland-Pfalz;6955787;19826698
45412;Monatserhebung im Tourismus;JAHR;Jahr;2004;DLAND;Bundesländer;10;Saarland;728204;2167187
45412;Monatserhebung im Tourismus;JAHR;Jahr;2004;DLAND;Bundesländer;14;Sachsen;5607378;15232872
45412;Monatserhebung im Tourismus;JAHR;Jahr;2004;DLAND;Bundesländer;15;Sachsen-Anhalt;2348778;5874270
45412;Monatserhebung im Tourismus;JAHR;Jahr;2004;DLAND;Bundesländer;01;Schleswig-Holstein;4876462;22132067
45412;Monatserhebung im Tourismus;JAHR;Jahr;2004;DLAND;Bundesländer;16;Thüringen;3004829;8537858
45412;Monatserhebung im Tourismus;JAHR;Jahr;2004;DLAND;Bundesländer;;Insgesamt;116390615;338722986
45412;Monatserhebung im Tourismus;JAHR;Jahr;2005;DLAND;Bundesländer;08;Baden-Württemberg;14877492;40501096
45412;Monatserhebung im Tourismus;JAHR;Jahr;2005;DLAND;Bundesländer;09;Bayern;24834878;74527516
45412;Monatserhebung im Tourismus;JAHR;Jahr;2005;DLAND;Bundesländer;11;Berlin;6464522;14620315
45412;Monatserhebung im Tourismus;JAHR;Jahr;2005;DLAND;Bundesländer;12;Brandenburg;3424949;9380117
45412;Monatserhebung im Tourismus;JAHR;Jahr;2005;DLAND;Bundesländer;04;Bremen;789215;1375753
45412;Monatserhebung im Tourismus;JAHR;Jahr;2005;DLAND;Bundesländer;02;Hamburg;3450864;6435106
45412;Monatserhebung im Tourismus;JAHR;Jahr;2005;DLAND;Bundesländer;06;Hessen;10365152;25174005
45412;Monatserhebung im Tourismus;JAHR;Jahr;2005;DLAND;Bundesländer;13;Mecklenburg-Vorpommern;5848324;24494085
45412;Monatserhebung im Tourismus;JAHR;Jahr;2005;DLAND;Bundesländer;03;Niedersachsen;10218846;34277313
45412;Monatserhebung im Tourismus;JAHR;Jahr;2005;DLAND;Bundesländer;05;Nordrhein-Westfalen;16182224;38434157
45412;Monatserhebung im Tourismus;JAHR;Jahr;2005;DLAND;Bundesländer;07;Rheinland-Pfalz;7142829;19917894
45412;Monatserhebung im Tourismus;JAHR;Jahr;2005;DLAND;Bundesländer;10;Saarland;711598;2153819
45412;Monatserhebung im Tourismus;JAHR;Jahr;2005;DLAND;Bundesländer;14;Sachsen;5646966;15404319
45412;Monatserhebung im Tourismus;JAHR;Jahr;2005;DLAND;Bundesländer;15;Sachsen-Anhalt;2419679;6009327
45412;Monatserhebung im Tourismus;JAHR;Jahr;2005;DLAND;Bundesländer;01;Schleswig-Holstein;5057687;22361555
45412;Monatserhebung im Tourismus;JAHR;Jahr;2005;DLAND;Bundesländer;16;Thüringen;3117363;8858366
45412;Monatserhebung im Tourismus;JAHR;Jahr;2005;DLAND;Bundesländer;;Insgesamt;120552588;343924743
45412;Monatserhebung im Tourismus;JAHR;Jahr;2006;DLAND;Bundesländer;08;Baden-Württemberg;15311383;40856856
45412;Monatserhebung im Tourismus;JAHR;Jahr;2006;DLAND;Bundesländer;09;Bayern;25445882;74654528
45412;Monatserhebung im Tourismus;JAHR;Jahr;2006;DLAND;Bundesländer;11;Berlin;7078303;15912645
45412;Monatserhebung im Tourismus;JAHR;Jahr;2006;DLAND;Bundesländer;12;Brandenburg;3466608;9551643
45412;Monatserhebung im Tourismus;JAHR;Jahr;2006;DLAND;Bundesländer;04;Bremen;827607;1469454
45412;Monatserhebung im Tourismus;JAHR;Jahr;2006;DLAND;Bundesländer;02;Hamburg;3843850;7177327
45412;Monatserhebung im Tourismus;JAHR;Jahr;2006;DLAND;Bundesländer;06;Hessen;10898481;25968180
45412;Monatserhebung im Tourismus;JAHR;Jahr;2006;DLAND;Bundesländer;13;Mecklenburg-Vorpommern;5953425;24771546
45412;Monatserhebung im Tourismus;JAHR;Jahr;2006;DLAND;Bundesländer;03;Niedersachsen;10569816;34881997
45412;Monatserhebung im Tourismus;JAHR;Jahr;2006;DLAND;Bundesländer;05;Nordrhein-Westfalen;16794624;39262311
45412;Monatserhebung im Tourismus;JAHR;Jahr;2006;DLAND;Bundesländer;07;Rheinland-Pfalz;7196002;19916316
45412;Monatserhebung im Tourismus;JAHR;Jahr;2006;DLAND;Bundesländer;10;Saarland;742586;2194430
45412;Monatserhebung im Tourismus;JAHR;Jahr;2006;DLAND;Bundesländer;14;Sachsen;6134971;16378380
45412;Monatserhebung im Tourismus;JAHR;Jahr;2006;DLAND;Bundesländer;15;Sachsen-Anhalt;2568121;6413998
45412;Monatserhebung im Tourismus;JAHR;Jahr;2006;DLAND;Bundesländer;01;Schleswig-Holstein;5304234;23044017
45412;Monatserhebung im Tourismus;JAHR;Jahr;2006;DLAND;Bundesländer;16;Thüringen;3091527;8731062
45412;Monatserhebung im Tourismus;JAHR;Jahr;2006;DLAND;Bundesländer;;Insgesamt;125227420;351184690
45412;Monatserhebung im Tourismus;JAHR;Jahr;2007;DLAND;Bundesländer;08;Baden-Württemberg;15996409;42404578
45412;Monatserhebung im Tourismus;JAHR;Jahr;2007;DLAND;Bundesländer;09;Bayern;26365546;76244663
45412;Monatserhebung im Tourismus;JAHR;Jahr;2007;DLAND;Bundesländer;11;Berlin;7585161;17285973
45412;Monatserhebung im Tourismus;JAHR;Jahr;2007;DLAND;Bundesländer;12;Brandenburg;3627295;9934912
45412;Monatserhebung im Tourismus;JAHR;Jahr;2007;DLAND;Bundesländer;04;Bremen;889858;1530823
45412;Monatserhebung im Tourismus;JAHR;Jahr;2007;DLAND;Bundesländer;02;Hamburg;3985106;7402423
45412;Monatserhebung im Tourismus;JAHR;Jahr;2007;DLAND;Bundesländer;06;Hessen;11433323;26882364
45412;Monatserhebung im Tourismus;JAHR;Jahr;2007;DLAND;Bundesländer;13;Mecklenburg-Vorpommern;6247790;26320258
45412;Monatserhebung im Tourismus;JAHR;Jahr;2007;DLAND;Bundesländer;03;Niedersachsen;10933425;35883656
45412;Monatserhebung im Tourismus;JAHR;Jahr;2007;DLAND;Bundesländer;05;Nordrhein-Westfalen;17304051;40404075
45412;Monatserhebung im Tourismus;JAHR;Jahr;2007;DLAND;Bundesländer;07;Rheinland-Pfalz;7377025;19939587
45412;Monatserhebung im Tourismus;JAHR;Jahr;2007;DLAND;Bundesländer;10;Saarland;775726;2263166
45412;Monatserhebung im Tourismus;JAHR;Jahr;2007;DLAND;Bundesländer;14;Sachsen;5984778;16051667
45412;Monatserhebung im Tourismus;JAHR;Jahr;2007;DLAND;Bundesländer;15;Sachsen-Anhalt;2584914;6562556
45412;Monatserhebung im Tourismus;JAHR;Jahr;2007;DLAND;Bundesländer;01;Schleswig-Holstein;5457810;23595061
45412;Monatserhebung im Tourismus;JAHR;Jahr;2007;DLAND;Bundesländer;16;Thüringen;3309219;9140302
45412;Monatserhebung im Tourismus;JAHR;Jahr;2007;DLAND;Bundesländer;;Insgesamt;129857436;361846064
45412;Monatserhebung im Tourismus;JAHR;Jahr;2008;DLAND;Bundesländer;08;Baden-Württemberg;16486947;43616862
45412;Monatserhebung im Tourismus;JAHR;Jahr;2008;DLAND;Bundesländer;09;Bayern;26654029;76876859
45412;Monatserhebung im Tourismus;JAHR;Jahr;2008;DLAND;Bundesländer;11;Berlin;7905145;17770277
45412;Monatserhebung im Tourismus;JAHR;Jahr;2008;DLAND;Bundesländer;12;Brandenburg;3727756;10171976
45412;Monatserhebung im Tourismus;JAHR;Jahr;2008;DLAND;Bundesländer;04;Bremen;934300;1650883
45412;Monatserhebung im Tourismus;JAHR;Jahr;2008;DLAND;Bundesländer;02;Hamburg;4116335;7727621
45412;Monatserhebung im Tourismus;JAHR;Jahr;2008;DLAND;Bundesländer;06;Hessen;11517740;27325733
45412;Monatserhebung im Tourismus;JAHR;Jahr;2008;DLAND;Bundesländer;13;Mecklenburg-Vorpommern;6588486;27501888
45412;Monatserhebung im Tourismus;JAHR;Jahr;2008;DLAND;Bundesländer;03;Niedersachsen;11373308;36897544
45412;Monatserhebung im Tourismus;JAHR;Jahr;2008;DLAND;Bundesländer;05;Nordrhein-Westfalen;17683902;41521488
45412;Monatserhebung im Tourismus;JAHR;Jahr;2008;DLAND;Bundesländer;07;Rheinland-Pfalz;7453966;20233346
45412;Monatserhebung im Tourismus;JAHR;Jahr;2008;DLAND;Bundesländer;10;Saarland;768211;2267429
45412;Monatserhebung im Tourismus;JAHR;Jahr;2008;DLAND;Bundesländer;14;Sachsen;6070825;16181703
45412;Monatserhebung im Tourismus;JAHR;Jahr;2008;DLAND;Bundesländer;15;Sachsen-Anhalt;2641777;6699041
45412;Monatserhebung im Tourismus;JAHR;Jahr;2008;DLAND;Bundesländer;01;Schleswig-Holstein;5697668;23854951
45412;Monatserhebung im Tourismus;JAHR;Jahr;2008;DLAND;Bundesländer;16;Thüringen;3326270;9247450
45412;Monatserhebung im Tourismus;JAHR;Jahr;2008;DLAND;Bundesländer;;Insgesamt;132946665;369545051
45412;Monatserhebung im Tourismus;JAHR;Jahr;2009;DLAND;Bundesländer;08;Baden-Württemberg;16052992;42416809
45412;Monatserhebung im Tourismus;JAHR;Jahr;2009;DLAND;Bundesländer;09;Bayern;26352658;75146852
45412;Monatserhebung im Tourismus;JAHR;Jahr;2009;DLAND;Bundesländer;11;Berlin;8263171;18871974
45412;Monatserhebung im Tourismus;JAHR;Jahr;2009;DLAND;Bundesländer;12;Brandenburg;3705614;10251982
45412;Monatserhebung im Tourismus;JAHR;Jahr;2009;DLAND;Bundesländer;04;Bremen;912411;1639093
45412;Monatserhebung im Tourismus;JAHR;Jahr;2009;DLAND;Bundesländer;02;Hamburg;4367721;8190145
45412;Monatserhebung im Tourismus;JAHR;Jahr;2009;DLAND;Bundesländer;06;Hessen;11186834;26928000
45412;Monatserhebung im Tourismus;JAHR;Jahr;2009;DLAND;Bundesländer;13;Mecklenburg-Vorpommern;6916962;28421343
45412;Monatserhebung im Tourismus;JAHR;Jahr;2009;DLAND;Bundesländer;03;Niedersachsen;11599508;37591454
45412;Monatserhebung im Tourismus;JAHR;Jahr;2009;DLAND;Bundesländer;05;Nordrhein-Westfalen;17263281;40222770
45412;Monatserhebung im Tourismus;JAHR;Jahr;2009;DLAND;Bundesländer;07;Rheinland-Pfalz;7438568;20140603
45412;Monatserhebung im Tourismus;JAHR;Jahr;2009;DLAND;Bundesländer;10;Saarland;705013;2117388
45412;Monatserhebung im Tourismus;JAHR;Jahr;2009;DLAND;Bundesländer;14;Sachsen;6123863;16264528
45412;Monatserhebung im Tourismus;JAHR;Jahr;2009;DLAND;Bundesländer;15;Sachsen-Anhalt;2684892;6743580
45412;Monatserhebung im Tourismus;JAHR;Jahr;2009;DLAND;Bundesländer;01;Schleswig-Holstein;5849644;24319268
45412;Monatserhebung im Tourismus;JAHR;Jahr;2009;DLAND;Bundesländer;16;Thüringen;3407295;9423878
45412;Monatserhebung im Tourismus;JAHR;Jahr;2009;DLAND;Bundesländer;;Insgesamt;132830427;368689667
45412;Monatserhebung im Tourismus;JAHR;Jahr;2010;DLAND;Bundesländer;08;Baden-Württemberg;16707781;43514949
45412;Monatserhebung im Tourismus;JAHR;Jahr;2010;DLAND;Bundesländer;09;Bayern;28267021;77824526
45412;Monatserhebung im Tourismus;JAHR;Jahr;2010;DLAND;Bundesländer;11;Berlin;9051430;20795643
45412;Monatserhebung im Tourismus;JAHR;Jahr;2010;DLAND;Bundesländer;12;Brandenburg;3883504;10690086
45412;Monatserhebung im Tourismus;JAHR;Jahr;2010;DLAND;Bundesländer;04;Bremen;1037909;1812720
45412;Monatserhebung im Tourismus;JAHR;Jahr;2010;DLAND;Bundesländer;02;Hamburg;4732566;8946635
45412;Monatserhebung im Tourismus;JAHR;Jahr;2010;DLAND;Bundesländer;06;Hessen;11947934;28150338
45412;Monatserhebung im Tourismus;JAHR;Jahr;2010;DLAND;Bundesländer;13;Mecklenburg-Vorpommern;6666614;27669321
45412;Monatserhebung im Tourismus;JAHR;Jahr;2010;DLAND;Bundesländer;03;Niedersachsen;12049331;38475613
45412;Monatserhebung im Tourismus;JAHR;Jahr;2010;DLAND;Bundesländer;05;Nordrhein-Westfalen;18585514;42109693
45412;Monatserhebung im Tourismus;JAHR;Jahr;2010;DLAND;Bundesländer;07;Rheinland-Pfalz;7678133;20568572
45412;Monatserhebung im Tourismus;JAHR;Jahr;2010;DLAND;Bundesländer;10;Saarland;751585;2227953
45412;Monatserhebung im Tourismus;JAHR;Jahr;2010;DLAND;Bundesländer;14;Sachsen;6415318;16775767
45412;Monatserhebung im Tourismus;JAHR;Jahr;2010;DLAND;Bundesländer;15;Sachsen-Anhalt;2777136;6857027
45412;Monatserhebung im Tourismus;JAHR;Jahr;2010;DLAND;Bundesländer;01;Schleswig-Holstein;5975564;24470322
45412;Monatserhebung im Tourismus;JAHR;Jahr;2010;DLAND;Bundesländer;16;Thüringen;3463870;9386297
45412;Monatserhebung im Tourismus;JAHR;Jahr;2010;DLAND;Bundesländer;;Insgesamt;139991210;380275462
45412;Monatserhebung im Tourismus;JAHR;Jahr;2011;DLAND;Bundesländer;08;Baden-Württemberg;17822003;45527768
45412;Monatserhebung im Tourismus;JAHR;Jahr;2011;DLAND;Bundesländer;09;Bayern;29789234;80736318
45412;Monatserhebung im Tourismus;JAHR;Jahr;2011;DLAND;Bundesländer;11;Berlin;9864887;22357118
45412;Monatserhebung im Tourismus;JAHR;Jahr;2011;DLAND;Bundesländer;12;Brandenburg;4046146;11041146
45412;Monatserhebung im Tourismus;JAHR;Jahr;2011;DLAND;Bundesländer;04;Bremen;1099147;1929242
45412;Monatserhebung im Tourismus;JAHR;Jahr;2011;DLAND;Bundesländer;02;Hamburg;5082791;9529295
45412;Monatserhebung im Tourismus;JAHR;Jahr;2011;DLAND;Bundesländer;06;Hessen;12421340;28961532
45412;Monatserhebung im Tourismus;JAHR;Jahr;2011;DLAND;Bundesländer;13;Mecklenburg-Vorpommern;6796500;27590347
45412;Monatserhebung im Tourismus;JAHR;Jahr;2011;DLAND;Bundesländer;03;Niedersachsen;12452053;39319168
45412;Monatserhebung im Tourismus;JAHR;Jahr;2011;DLAND;Bundesländer;05;Nordrhein-Westfalen;19480522;44171227
45412;Monatserhebung im Tourismus;JAHR;Jahr;2011;DLAND;Bundesländer;07;Rheinland-Pfalz;8163412;21412966
45412;Monatserhebung im Tourismus;JAHR;Jahr;2011;DLAND;Bundesländer;10;Saarland;799029;2328821
45412;Monatserhebung im Tourismus;JAHR;Jahr;2011;DLAND;Bundesländer;14;Sachsen;6714374;17305262
45412;Monatserhebung im Tourismus;JAHR;Jahr;2011;DLAND;Bundesländer;15;Sachsen-Anhalt;2876751;7050236
45412;Monatserhebung im Tourismus;JAHR;Jahr;2011;DLAND;Bundesländer;01;Schleswig-Holstein;6106755;24449704
45412;Monatserhebung im Tourismus;JAHR;Jahr;2011;DLAND;Bundesländer;16;Thüringen;3546814;9466952
45412;Monatserhebung im Tourismus;JAHR;Jahr;2011;DLAND;Bundesländer;;Insgesamt;147061758;393177102
45412;Monatserhebung im Tourismus;JAHR;Jahr;2012;DLAND;Bundesländer;08;Baden-Württemberg;18609535;47671708
45412;Monatserhebung im Tourismus;JAHR;Jahr;2012;DLAND;Bundesländer;09;Bayern;31156635;84012948
45412;Monatserhebung im Tourismus;JAHR;Jahr;2012;DLAND;Bundesländer;11;Berlin;10848797;24896201
45412;Monatserhebung im Tourismus;JAHR;Jahr;2012;DLAND;Bundesländer;12;Brandenburg;4173064;11480860
45412;Monatserhebung im Tourismus;JAHR;Jahr;2012;DLAND;Bundesländer;04;Bremen;1070434;1916281
45412;Monatserhebung im Tourismus;JAHR;Jahr;2012;DLAND;Bundesländer;02;Hamburg;5603644;10634012
45412;Monatserhebung im Tourismus;JAHR;Jahr;2012;DLAND;Bundesländer;06;Hessen;13026093;29964826
45412;Monatserhebung im Tourismus;JAHR;Jahr;2012;DLAND;Bundesländer;13;Mecklenburg-Vorpommern;6993182;27941073
45412;Monatserhebung im Tourismus;JAHR;Jahr;2012;DLAND;Bundesländer;03;Niedersachsen;12729637;40002494
45412;Monatserhebung im Tourismus;JAHR;Jahr;2012;DLAND;Bundesländer;05;Nordrhein-Westfalen;19970291;45419216
45412;Monatserhebung im Tourismus;JAHR;Jahr;2012;DLAND;Bundesländer;07;Rheinland-Pfalz;8032665;21090880
45412;Monatserhebung im Tourismus;JAHR;Jahr;2012;DLAND;Bundesländer;10;Saarland;781119;2284563
45412;Monatserhebung im Tourismus;JAHR;Jahr;2012;DLAND;Bundesländer;14;Sachsen;7050496;18355248
45412;Monatserhebung im Tourismus;JAHR;Jahr;2012;DLAND;Bundesländer;15;Sachsen-Anhalt;2953302;7353676
45412;Monatserhebung im Tourismus;JAHR;Jahr;2012;DLAND;Bundesländer;01;Schleswig-Holstein;6140549;24484412
45412;Monatserhebung im Tourismus;JAHR;Jahr;2012;DLAND;Bundesländer;16;Thüringen;3578515;9694554
45412;Monatserhebung im Tourismus;JAHR;Jahr;2012;DLAND;Bundesländer;;Insgesamt;152717958;407202952
45412;Monatserhebung im Tourismus;JAHR;Jahr;2013;DLAND;Bundesländer;08;Baden-Württemberg;18694008;47755531
45412;Monatserhebung im Tourismus;JAHR;Jahr;2013;DLAND;Bundesländer;09;Bayern;31611343;84153218
45412;Monatserhebung im Tourismus;JAHR;Jahr;2013;DLAND;Bundesländer;11;Berlin;11324947;26942082
45412;Monatserhebung im Tourismus;JAHR;Jahr;2013;DLAND;Bundesländer;12;Brandenburg;4207121;11520441
45412;Monatserhebung im Tourismus;JAHR;Jahr;2013;DLAND;Bundesländer;04;Bremen;1135070;2061121
45412;Monatserhebung im Tourismus;JAHR;Jahr;2013;DLAND;Bundesländer;02;Hamburg;5880314;11603135
45412;Monatserhebung im Tourismus;JAHR;Jahr;2013;DLAND;Bundesländer;06;Hessen;13243872;30320808
45412;Monatserhebung im Tourismus;JAHR;Jahr;2013;DLAND;Bundesländer;13;Mecklenburg-Vorpommern;7080975;28158053
45412;Monatserhebung im Tourismus;JAHR;Jahr;2013;DLAND;Bundesländer;03;Niedersachsen;12802562;39901563
45412;Monatserhebung im Tourismus;JAHR;Jahr;2013;DLAND;Bundesländer;05;Nordrhein-Westfalen;20372139;46141384
45412;Monatserhebung im Tourismus;JAHR;Jahr;2013;DLAND;Bundesländer;07;Rheinland-Pfalz;8062486;20976057
45412;Monatserhebung im Tourismus;JAHR;Jahr;2013;DLAND;Bundesländer;10;Saarland;881134;2572102
45412;Monatserhebung im Tourismus;JAHR;Jahr;2013;DLAND;Bundesländer;14;Sachsen;7087419;18285259
45412;Monatserhebung im Tourismus;JAHR;Jahr;2013;DLAND;Bundesländer;15;Sachsen-Anhalt;2885235;7130846
45412;Monatserhebung im Tourismus;JAHR;Jahr;2013;DLAND;Bundesländer;01;Schleswig-Holstein;6327623;24806220
45412;Monatserhebung im Tourismus;JAHR;Jahr;2013;DLAND;Bundesländer;16;Thüringen;3592076;9535374
45412;Monatserhebung im Tourismus;JAHR;Jahr;2013;DLAND;Bundesländer;;Insgesamt;155188324;411863194
45412;Monatserhebung im Tourismus;JAHR;Jahr;2014;DLAND;Bundesländer;08;Baden-Württemberg;19519560;49126497
45412;Monatserhebung im Tourismus;JAHR;Jahr;2014;DLAND;Bundesländer;09;Bayern;32469224;85226323
45412;Monatserhebung im Tourismus;JAHR;Jahr;2014;DLAND;Bundesländer;11;Berlin;11871326;28688683
45412;Monatserhebung im Tourismus;JAHR;Jahr;2014;DLAND;Bundesländer;12;Brandenburg;4400436;11935669
45412;Monatserhebung im Tourismus;JAHR;Jahr;2014;DLAND;Bundesländer;04;Bremen;1203888;2288584
45412;Monatserhebung im Tourismus;JAHR;Jahr;2014;DLAND;Bundesländer;02;Hamburg;6051766;12008154
45412;Monatserhebung im Tourismus;JAHR;Jahr;2014;DLAND;Bundesländer;06;Hessen;13702917;31180120
45412;Monatserhebung im Tourismus;JAHR;Jahr;2014;DLAND;Bundesländer;13;Mecklenburg-Vorpommern;7250770;28722978
45412;Monatserhebung im Tourismus;JAHR;Jahr;2014;DLAND;Bundesländer;03;Niedersachsen;13079615;40422804
45412;Monatserhebung im Tourismus;JAHR;Jahr;2014;DLAND;Bundesländer;05;Nordrhein-Westfalen;21234311;47924391
45412;Monatserhebung im Tourismus;JAHR;Jahr;2014;DLAND;Bundesländer;07;Rheinland-Pfalz;8207328;21137591
45412;Monatserhebung im Tourismus;JAHR;Jahr;2014;DLAND;Bundesländer;10;Saarland;967020;2920668
45412;Monatserhebung im Tourismus;JAHR;Jahr;2014;DLAND;Bundesländer;14;Sachsen;7408813;18898767
45412;Monatserhebung im Tourismus;JAHR;Jahr;2014;DLAND;Bundesländer;15;Sachsen-Anhalt;3014492;7433263
45412;Monatserhebung im Tourismus;JAHR;Jahr;2014;DLAND;Bundesländer;01;Schleswig-Holstein;6758071;26347370
45412;Monatserhebung im Tourismus;JAHR;Jahr;2014;DLAND;Bundesländer;16;Thüringen;3645337;9794038
45412;Monatserhebung im Tourismus;JAHR;Jahr;2014;DLAND;Bundesländer;;Insgesamt;160784874;424055900
45412;Monatserhebung im Tourismus;JAHR;Jahr;2015;DLAND;Bundesländer;08;Baden-Württemberg;20379883;50763289
45412;Monatserhebung im Tourismus;JAHR;Jahr;2015;DLAND;Bundesländer;09;Bayern;34200101;88109857
45412;Monatserhebung im Tourismus;JAHR;Jahr;2015;DLAND;Bundesländer;11;Berlin;12369293;30250066
45412;Monatserhebung im Tourismus;JAHR;Jahr;2015;DLAND;Bundesländer;12;Brandenburg;4658502;12518947
45412;Monatserhebung im Tourismus;JAHR;Jahr;2015;DLAND;Bundesländer;04;Bremen;1257804;2374748
45412;Monatserhebung im Tourismus;JAHR;Jahr;2015;DLAND;Bundesländer;02;Hamburg;6276613;12639295
45412;Monatserhebung im Tourismus;JAHR;Jahr;2015;DLAND;Bundesländer;06;Hessen;14313705;32167968
45412;Monatserhebung im Tourismus;JAHR;Jahr;2015;DLAND;Bundesländer;13;Mecklenburg-Vorpommern;7394834;29468296
45412;Monatserhebung im Tourismus;JAHR;Jahr;2015;DLAND;Bundesländer;03;Niedersachsen;13444539;41310035
45412;Monatserhebung im Tourismus;JAHR;Jahr;2015;DLAND;Bundesländer;05;Nordrhein-Westfalen;21713040;48687999
45412;Monatserhebung im Tourismus;JAHR;Jahr;2015;DLAND;Bundesländer;07;Rheinland-Pfalz;8495696;21757144
45412;Monatserhebung im Tourismus;JAHR;Jahr;2015;DLAND;Bundesländer;10;Saarland;984466;2980667
45412;Monatserhebung im Tourismus;JAHR;Jahr;2015;DLAND;Bundesländer;14;Sachsen;7405916;18732207
45412;Monatserhebung im Tourismus;JAHR;Jahr;2015;DLAND;Bundesländer;15;Sachsen-Anhalt;3143256;7608823
45412;Monatserhebung im Tourismus;JAHR;Jahr;2015;DLAND;Bundesländer;01;Schleswig-Holstein;7031316;27082997
45412;Monatserhebung im Tourismus;JAHR;Jahr;2015;DLAND;Bundesländer;16;Thüringen;3710364;9762815
45412;Monatserhebung im Tourismus;JAHR;Jahr;2015;DLAND;Bundesländer;;Insgesamt;166779328;436215153
45412;Monatserhebung im Tourismus;JAHR;Jahr;2016;DLAND;Bundesländer;08;Baden-Württemberg;20982153;52042955
45412;Monatserhebung im Tourismus;JAHR;Jahr;2016;DLAND;Bundesländer;09;Bayern;35464451;90905610
45412;Monatserhebung im Tourismus;JAHR;Jahr;2016;DLAND;Bundesländer;11;Berlin;12731640;31067775
45412;Monatserhebung im Tourismus;JAHR;Jahr;2016;DLAND;Bundesländer;12;Brandenburg;4780063;12880273
45412;Monatserhebung im Tourismus;JAHR;Jahr;2016;DLAND;Bundesländer;04;Bremen;1280885;2403246
45412;Monatserhebung im Tourismus;JAHR;Jahr;2016;DLAND;Bundesländer;02;Hamburg;6566071;13331001
45412;Monatserhebung im Tourismus;JAHR;Jahr;2016;DLAND;Bundesländer;06;Hessen;14516901;32590680
45412;Monatserhebung im Tourismus;JAHR;Jahr;2016;DLAND;Bundesländer;13;Mecklenburg-Vorpommern;7565848;30292360
45412;Monatserhebung im Tourismus;JAHR;Jahr;2016;DLAND;Bundesländer;03;Niedersachsen;14096660;42766712
45412;Monatserhebung im Tourismus;JAHR;Jahr;2016;DLAND;Bundesländer;05;Nordrhein-Westfalen;22148062;49596890
45412;Monatserhebung im Tourismus;JAHR;Jahr;2016;DLAND;Bundesländer;07;Rheinland-Pfalz;8666855;21888757
45412;Monatserhebung im Tourismus;JAHR;Jahr;2016;DLAND;Bundesländer;10;Saarland;1021439;3020012
45412;Monatserhebung im Tourismus;JAHR;Jahr;2016;DLAND;Bundesländer;14;Sachsen;7492260;18750390
45412;Monatserhebung im Tourismus;JAHR;Jahr;2016;DLAND;Bundesländer;15;Sachsen-Anhalt;3212557;7791717
45412;Monatserhebung im Tourismus;JAHR;Jahr;2016;DLAND;Bundesländer;01;Schleswig-Holstein;7352292;28204424
45412;Monatserhebung im Tourismus;JAHR;Jahr;2016;DLAND;Bundesländer;16;Thüringen;3747841;9738533
45412;Monatserhebung im Tourismus;JAHR;Jahr;2016;DLAND;Bundesländer;;Insgesamt;171625978;447271335
45412;Monatserhebung im Tourismus;JAHR;Jahr;2017;DLAND;Bundesländer;08;Baden-Württemberg;21627664;52932457
45412;Monatserhebung im Tourismus;JAHR;Jahr;2017;DLAND;Bundesländer;09;Bayern;37278748;94368996
45412;Monatserhebung im Tourismus;JAHR;Jahr;2017;DLAND;Bundesländer;11;Berlin;12966347;31150090
45412;Monatserhebung im Tourismus;JAHR;Jahr;2017;DLAND;Bundesländer;12;Brandenburg;4898809;13090100
45412;Monatserhebung im Tourismus;JAHR;Jahr;2017;DLAND;Bundesländer;04;Bremen;1329820;2448008
45412;Monatserhebung im Tourismus;JAHR;Jahr;2017;DLAND;Bundesländer;02;Hamburg;6782878;13822337
45412;Monatserhebung im Tourismus;JAHR;Jahr;2017;DLAND;Bundesländer;06;Hessen;15250754;34103923
45412;Monatserhebung im Tourismus;JAHR;Jahr;2017;DLAND;Bundesländer;13;Mecklenburg-Vorpommern;7526998;29742754
45412;Monatserhebung im Tourismus;JAHR;Jahr;2017;DLAND;Bundesländer;03;Niedersachsen;14495990;43494781
45412;Monatserhebung im Tourismus;JAHR;Jahr;2017;DLAND;Bundesländer;05;Nordrhein-Westfalen;23279062;51509458
45412;Monatserhebung im Tourismus;JAHR;Jahr;2017;DLAND;Bundesländer;07;Rheinland-Pfalz;8872633;22225625
45412;Monatserhebung im Tourismus;JAHR;Jahr;2017;DLAND;Bundesländer;10;Saarland;1064947;3088723
45412;Monatserhebung im Tourismus;JAHR;Jahr;2017;DLAND;Bundesländer;14;Sachsen;7864001;19513123
45412;Monatserhebung im Tourismus;JAHR;Jahr;2017;DLAND;Bundesländer;15;Sachsen-Anhalt;3383962;8135118
45412;Monatserhebung im Tourismus;JAHR;Jahr;2017;DLAND;Bundesländer;01;Schleswig-Holstein;7735158;29891859
45412;Monatserhebung im Tourismus;JAHR;Jahr;2017;DLAND;Bundesländer;16;Thüringen;3873115;9927254
45412;Monatserhebung im Tourismus;JAHR;Jahr;2017;DLAND;Bundesländer;;Insgesamt;178230886;459444606
45412;Monatserhebung im Tourismus;JAHR;Jahr;2018;DLAND;Bundesländer;08;Baden-Württemberg;22431589;54879911
45412;Monatserhebung im Tourismus;JAHR;Jahr;2018;DLAND;Bundesländer;09;Bayern;39117241;98700118
45412;Monatserhebung im Tourismus;JAHR;Jahr;2018;DLAND;Bundesländer;11;Berlin;13502552;32871634
45412;Monatserhebung im Tourismus;JAHR;Jahr;2018;DLAND;Bundesländer;12;Brandenburg;5055130;13546724
45412;Monatserhebung im Tourismus;JAHR;Jahr;2018;DLAND;Bundesländer;04;Bremen;1410912;2589968
45412;Monatserhebung im Tourismus;JAHR;Jahr;2018;DLAND;Bundesländer;02;Hamburg;7178017;14529549
45412;Monatserhebung im Tourismus;JAHR;Jahr;2018;DLAND;Bundesländer;06;Hessen;15607072;34740683
45412;Monatserhebung im Tourismus;JAHR;Jahr;2018;DLAND;Bundesländer;13;Mecklenburg-Vorpommern;7876685;30904725
45412;Monatserhebung im Tourismus;JAHR;Jahr;2018;DLAND;Bundesländer;03;Niedersachsen;15038440;44954190
45412;Monatserhebung im Tourismus;JAHR;Jahr;2018;DLAND;Bundesländer;05;Nordrhein-Westfalen;23700657;51927031
45412;Monatserhebung im Tourismus;JAHR;Jahr;2018;DLAND;Bundesländer;07;Rheinland-Pfalz;9041634;22604685
45412;Monatserhebung im Tourismus;JAHR;Jahr;2018;DLAND;Bundesländer;10;Saarland;1073817;3158174
45412;Monatserhebung im Tourismus;JAHR;Jahr;2018;DLAND;Bundesländer;14;Sachsen;8178813;20086757
45412;Monatserhebung im Tourismus;JAHR;Jahr;2018;DLAND;Bundesländer;15;Sachsen-Anhalt;3432686;8234898
45412;Monatserhebung im Tourismus;JAHR;Jahr;2018;DLAND;Bundesländer;01;Schleswig-Holstein;8595190;34453151
45412;Monatserhebung im Tourismus;JAHR;Jahr;2018;DLAND;Bundesländer;16;Thüringen;3841966;9858439
45412;Monatserhebung im Tourismus;JAHR;Jahr;2018;DLAND;Bundesländer;;Insgesamt;185082401;478040637
45412;Monatserhebung im Tourismus;JAHR;Jahr;2019;DLAND;Bundesländer;08;Baden-Württemberg;23274159;57187271
45412;Monatserhebung im Tourismus;JAHR;Jahr;2019;DLAND;Bundesländer;09;Bayern;40010919;100911480
45412;Monatserhebung im Tourismus;JAHR;Jahr;2019;DLAND;Bundesländer;11;Berlin;13963345;34124364
45412;Monatserhebung im Tourismus;JAHR;Jahr;2019;DLAND;Bundesländer;12;Brandenburg;5230025;13974886
45412;Monatserhebung im Tourismus;JAHR;Jahr;2019;DLAND;Bundesländer;04;Bremen;1510705;2815631
45412;Monatserhebung im Tourismus;JAHR;Jahr;2019;DLAND;Bundesländer;02;Hamburg;7619233;15427406
45412;Monatserhebung im Tourismus;JAHR;Jahr;2019;DLAND;Bundesländer;06;Hessen;15954530;35613674
45412;Monatserhebung im Tourismus;JAHR;Jahr;2019;DLAND;Bundesländer;13;Mecklenburg-Vorpommern;8362979;34117122
45412;Monatserhebung im Tourismus;JAHR;Jahr;2019;DLAND;Bundesländer;03;Niedersachsen;15416654;46228427
45412;Monatserhebung im Tourismus;JAHR;Jahr;2019;DLAND;Bundesländer;05;Nordrhein-Westfalen;24309650;53259784
45412;Monatserhebung im Tourismus;JAHR;Jahr;2019;DLAND;Bundesländer;07;Rheinland-Pfalz;9119751;23018864
45412;Monatserhebung im Tourismus;JAHR;Jahr;2019;DLAND;Bundesländer;10;Saarland;1122675;3216683
45412;Monatserhebung im Tourismus;JAHR;Jahr;2019;DLAND;Bundesländer;14;Sachsen;8484173;20750560
45412;Monatserhebung im Tourismus;JAHR;Jahr;2019;DLAND;Bundesländer;15;Sachsen-Anhalt;3603700;8645180
45412;Monatserhebung im Tourismus;JAHR;Jahr;2019;DLAND;Bundesländer;01;Schleswig-Holstein;8923830;35974794
45412;Monatserhebung im Tourismus;JAHR;Jahr;2019;DLAND;Bundesländer;16;Thüringen;4038093;10349729
45412;Monatserhebung im Tourismus;JAHR;Jahr;2019;DLAND;Bundesländer;;Insgesamt;190944421;495615855
45412;Monatserhebung im Tourismus;JAHR;Jahr;2020;DLAND;Bundesländer;08;Baden-Württemberg;11899898;34215763
45412;Monatserhebung im Tourismus;JAHR;Jahr;2020;DLAND;Bundesländer;09;Bayern;19832155;59962427
45412;Monatserhebung im Tourismus;JAHR;Jahr;2020;DLAND;Bundesländer;11;Berlin;4947581;12278460
45412;Monatserhebung im Tourismus;JAHR;Jahr;2020;DLAND;Bundesländer;12;Brandenburg;3260834;10135096
45412;Monatserhebung im Tourismus;JAHR;Jahr;2020;DLAND;Bundesländer;04;Bremen;709838;1488085
45412;Monatserhebung im Tourismus;JAHR;Jahr;2020;DLAND;Bundesländer;02;Hamburg;3172062;6878613
45412;Monatserhebung im Tourismus;JAHR;Jahr;2020;DLAND;Bundesländer;06;Hessen;6878401;18479646
45412;Monatserhebung im Tourismus;JAHR;Jahr;2020;DLAND;Bundesländer;13;Mecklenburg-Vorpommern;6057669;27769644
45412;Monatserhebung im Tourismus;JAHR;Jahr;2020;DLAND;Bundesländer;03;Niedersachsen;8720791;30036477
45412;Monatserhebung im Tourismus;JAHR;Jahr;2020;DLAND;Bundesländer;05;Nordrhein-Westfalen;10956535;28488938
45412;Monatserhebung im Tourismus;JAHR;Jahr;2020;DLAND;Bundesländer;07;Rheinland-Pfalz;5490933;15440077
45412;Monatserhebung im Tourismus;JAHR;Jahr;2020;DLAND;Bundesländer;10;Saarland;627034;2027474
45412;Monatserhebung im Tourismus;JAHR;Jahr;2020;DLAND;Bundesländer;14;Sachsen;4801211;13518287
45412;Monatserhebung im Tourismus;JAHR;Jahr;2020;DLAND;Bundesländer;15;Sachsen-Anhalt;2234259;5973768
45412;Monatserhebung im Tourismus;JAHR;Jahr;2020;DLAND;Bundesländer;01;Schleswig-Holstein;6217597;28924321
45412;Monatserhebung im Tourismus;JAHR;Jahr;2020;DLAND;Bundesländer;16;Thüringen;2338385;6696174
45412;Monatserhebung im Tourismus;JAHR;Jahr;2020;DLAND;Bundesländer;;Insgesamt;98145183;302313250
